Data,Otwarcie,Najwyzszy,Najnizszy,Zamkniecie,Wolumen
2016-01-04,436.97,436.97,427.22,431.7
2016-01-05,436.14,436.72,428.69,435
2016-01-06,433.65,433.95,424.64,428.76
2016-01-07,417.34,423.29,411.97,420.76
2016-01-08,421.22,423.06,410.82,410.82
2016-01-11,410.71,415.87,409.08,411.31
2016-01-12,411.3,420.84,410.09,416.41
2016-01-13,421.02,425.91,416.29,418.05
2016-01-14,413.63,416.77,404.58,413.38
2016-01-15,411.4,414.2,399.88,403.57
2016-01-18,402.31,407.95,398.71,401.99
2016-01-19,410.05,411.95,406.27,407.68
2016-01-20,399.1,400.65,392.44,395.72
2016-01-21,397.52,407.81,396.36,406.49
2016-01-22,414.59,422.18,412.88,419.28
2016-01-25,422.56,422.56,415.66,418.07
2016-01-26,411.62,422.74,410.01,421.97
2016-01-27,421.39,424.41,416.99,424.41
2016-01-28,423.5,427.12,416.92,420.1
2016-01-29,426.48,431.28,421.99,431.28
2016-02-01,433.85,433.85,425.61,429.68
2016-02-02,428.5,428.5,417.77,420.65
2016-02-03,419.82,422.7,411.32,416.21
2016-02-04,422.8,424.53,415.91,417.94
2016-02-05,417.25,420.45,412.72,413.94
2016-02-08,415.83,416.47,398.57,400.61
2016-02-09,401.52,403.62,388.64,392.58
2016-02-10,395.17,400.9,391.06,394.63
2016-02-11,390.63,390.63,378.53,382.61
2016-02-12,387.54,391.86,385.24,391.86
2016-02-15,400.87,405.56,399.44,403.96
2016-02-16,407.2,408.15,401.15,403.27
2016-02-17,404.7,414.75,403.98,414.75
2016-02-18,416.41,419,412.55,413.79
2016-02-19,413.77,416.07,408.8,411.96
2016-02-22,416.53,421.54,416.53,420.69
2016-02-23,417.77,420.47,415.42,415.43
2016-02-24,414.86,415.37,405.6,407.52
2016-02-25,413.89,418.95,411.61,415.38
2016-02-26,420.4,425.81,419.64,422.66
2016-02-29,419.39,427.81,418.06,427.27
2016-03-01,426.79,436.81,425.83,436.81
2016-03-02,439.6,439.81,432.34,436.31
2016-03-03,437.88,437.88,431.98,433.95
2016-03-04,436.31,440.74,434.89,437.99
2016-03-07,437.02,438.62,433.04,436
2016-03-08,433.36,436.18,429.88,432.89
2016-03-09,433.66,438.16,433.07,435.56
2016-03-10,436.75,449.62,430.18,430.18
2016-03-11,437.96,442.99,436.8,441.75
2016-03-14,444.52,447.03,441.98,444.08
2016-03-15,441.64,443.19,439.57,442
2016-03-16,443.7,445.39,440.64,443.83
2016-03-17,447.25,447.35,435.73,444.06
2016-03-18,445.82,446.31,442.05,444.79
2016-03-21,441.77,446.98,441.06,443.83
2016-03-22,441.89,443.12,437.05,443.12
2016-03-23,443.46,445.59,440.94,443.36
2016-03-24,439.95,440.98,435.85,437.49
2016-03-29,439.88,442.81,438.03,440.37
2016-03-30,442.28,448.82,442.28,446.24
2016-03-31,444.05,444.05,439.58,440.11
2016-04-01,434.1,434.85,428.51,434.48
2016-04-04,433.19,439.95,430.84,436.08
2016-04-05,430.28,430.96,426.75,428.85
2016-04-06,429.8,431.08,427.77,431.01
2016-04-07,432.2,433.94,427.96,428.73
2016-04-08,430.39,434.63,430.39,434.16
2016-04-11,433.74,438.44,430.82,436.56
2016-04-12,438.1,439.97,434.05,439.5
2016-04-13,444.13,450.09,444.13,450.09
2016-04-14,449.9,452.22,448.77,451.04
2016-04-15,449.88,451.45,448.92,450.59
2016-04-18,444.61,451.58,444.19,450.81
2016-04-19,452.29,456.89,452.04,456.46
2016-04-20,455.48,457.43,454.15,456.2
2016-04-21,456.77,457.98,451.29,453.47
2016-04-22,452.74,452.85,449.62,451.54
2016-04-25,450.76,451.04,445.61,446.77
2016-04-26,449.03,451.01,446.51,447.64
2016-04-27,445.29,448.82,445.29,448.37
2016-04-28,445.03,450.83,442.2,450.31
2016-04-29,445.94,446.42,439.27,439.68
2016-05-02,441.03,441.6,438.91,441.2
2016-05-03,439.89,439.89,431.06,433.34
2016-05-04,433.47,434.36,428.32,428.92
2016-05-05,430.47,432.53,428.99,431.24
2016-05-06,428.99,431.84,425.78,431.32
2016-05-09,434.19,436.76,430.89,431.58
2016-05-10,434.83,440.05,433.89,436.27
2016-05-11,435.43,435.71,431.36,434.71
2016-05-12,432.01,438.04,430.36,430.89
2016-05-13,428.35,433.86,426.95,433.52
2016-05-16,429.77,434.25,428.28,433.74
2016-05-17,436.34,438.33,430.79,432.3
2016-05-18,429.58,434.53,429.14,434.46
2016-05-19,432.26,432.26,427.2,428.27
2016-05-20,432.31,434.52,432.02,434.36
2016-05-23,434.17,435.75,430.47,432.57
2016-05-24,431.71,443.06,430.54,441.66
2016-05-25,445.21,448.55,444.08,447.22
2016-05-26,446.6,449.48,446.6,449.09
2016-05-27,448.31,450.94,448.13,450.94
2016-05-30,451.72,451.84,449.35,451.79
2016-05-31,452.42,453.07,447.31,447.87
2016-06-01,447.14,448.42,444.14,446.78
2016-06-02,447.39,449.83,446.44,447.59
2016-06-03,449.53,452.08,443.13,445.31
2016-06-06,445.18,447.96,445.18,445.31
2016-06-07,447.96,452.18,447.75,451.58
2016-06-08,450.1,451.25,448.88,450.15
2016-06-09,449.31,449.34,444.6,446.1
2016-06-10,444.75,444.77,435.63,435.77
2016-06-13,430.86,432.3,427.69,428.2
2016-06-14,422.79,424.47,418.77,419.08
2016-06-15,422.8,424.2,419.55,419.55
2016-06-16,415.16,419.4,414.51,418.51
2016-06-17,421.56,423.79,419.64,421.77
2016-06-20,432.2,437.92,431.89,436.5
2016-06-21,436.01,442.03,434.9,440.39
2016-06-22,443.23,444.51,439.94,441.25
2016-06-23,443.64,453.3,442.98,449.86
2016-06-24,420.56,432.59,409.23,424.2
2016-06-27,419.21,422.77,410.21,411.62
2016-06-28,420.23,421.64,416.97,417.51
2016-06-29,422.88,430.08,422.43,430.08
2016-06-30,429.58,436.63,427.76,435.88
2016-07-01,438.36,440.3,434.06,438.85
2016-07-04,440.23,440.43,434.19,435.12
2016-07-05,431.95,433.94,429,430.41
2016-07-06,427.38,430.46,419.45,422.18
2016-07-07,424.67,429.17,424.67,426.33
2016-07-08,425.43,434.6,424.3,433.77
2016-07-11,437.96,441.21,435.08,440.75
2016-07-12,441.13,446.16,441.12,445.44
2016-07-13,444.7,447.76,444.45,444.45
2016-07-14,448.31,451.08,447.02,448.19
2016-07-15,447.13,448.7,444.93,447.51
2016-07-18,447.69,450.8,446.19,448.32
2016-07-19,447.59,448.47,444.32,447.85
2016-07-20,450.57,453.46,448.36,452.18
2016-07-21,453.69,454.49,448.85,451.97
2016-07-22,451.22,453.82,449.3,453.35
2016-07-25,453.56,456.37,451.5,452.84
2016-07-26,452.42,454.79,450.29,454.06
2016-07-27,455.38,456.78,452.61,452.98
2016-07-28,451.26,453.41,447.82,447.82
2016-07-29,449.16,450.16,446.78,449.83
2016-08-01,451.45,451.67,444.08,444.97
2016-08-02,443.22,444.15,437.85,438.61
2016-08-03,440.64,441.67,437.85,440.36
2016-08-04,441.97,446.03,441.42,444.47
2016-08-05,444.47,449.49,444.29,448.12
2016-08-08,448.71,450.3,447.96,449.07
2016-08-09,449.18,453.95,449.13,453.8
2016-08-10,452.09,453.94,451.47,452.01
2016-08-11,452.57,455.5,449.62,455.5
2016-08-12,455.03,456.29,453.6,454.09
2016-08-15,454.88,456.44,453.99,454.51
2016-08-16,452.49,454.44,450.91,451.4
2016-08-17,451.03,451.55,446.35,447.57
2016-08-18,451.13,451.74,450.09,451.69
2016-08-19,450.91,451.18,446.92,448.72
2016-08-22,448.04,451.92,446.12,447.63
2016-08-23,449.42,453.34,449.21,452.18
2016-08-24,449.67,454.17,448.46,452.17
2016-08-25,450.43,450.91,447.96,449.94
2016-08-26,449.45,453.71,448.43,453.01
2016-08-29,451.29,452.72,448.55,452.15
2016-08-30,453.73,457.7,453.37,455.82
2016-08-31,455.56,457.92,454.22,454.38
2016-09-01,455.72,458.68,452.5,453.87
2016-09-02,455.31,464.47,454.25,463.6
2016-09-05,465.21,466.17,463.44,464.13
2016-09-06,465.05,465.11,460.5,461.11
2016-09-07,462.03,463.76,461.41,463.27
2016-09-08,461.99,462.37,455.05,459.5
2016-09-09,457.78,458.81,451.54,452.88
2016-09-12,445.83,447.6,442.84,447.6
2016-09-13,449.79,450.14,442.35,442.61
2016-09-14,444.57,444.88,440.6,441.03
2016-09-15,440.56,443.42,439.93,443.2
2016-09-16,442.34,443.72,437.62,439.07
2016-09-19,442.64,445.49,442.31,444.7
2016-09-20,443.78,446.52,443.22,444.45
2016-09-21,448.65,450.15,446.88,447.53
2016-09-22,450.79,457.88,450.48,455.51
2016-09-23,454.29,455.61,453.53,454.48
2016-09-26,451.51,451.62,446.86,447.87
2016-09-27,450.84,451.1,444.14,447.83
2016-09-28,448.82,453.32,448.82,450.27
2016-09-29,456.04,456.75,450.69,451.55
2016-09-30,446.38,453.65,442.71,452.33
2016-10-03,452.55,454.71,451.42,452.99
2016-10-04,453.49,460.08,453.17,458.32
2016-10-05,454.6,456.66,452.1,456.06
2016-10-06,457.47,457.57,454.64,454.82
2016-10-07,455.64,455.64,449.95,450.06
2016-10-10,450.71,455.58,448.83,455.24
2016-10-11,454.11,456.94,450.91,451.25
2016-10-12,451.61,452.73,450.13,450.66
2016-10-13,447.32,447.32,442.72,445.2
2016-10-14,446.68,453.37,446.41,450.5
2016-10-17,448.85,450.73,446.9,448.04
2016-10-18,450.67,454.42,450.53,453.13
2016-10-19,454.11,455.55,452.36,454.68
2016-10-20,455.4,457.18,452.36,456.06
2016-10-21,457.07,458.61,455.02,457.4
2016-10-24,459.63,463.03,459.36,459.75
2016-10-25,460.68,462.06,458.53,459.29
2016-10-26,457.76,458.12,453.13,455.82
2016-10-27,454.91,459.27,453.47,455.71
2016-10-28,450.75,455.87,449.21,455.38
2016-10-31,453.25,454.67,451.42,452.59
2016-11-01,456.32,457.54,449.4,449.71
2016-11-02,447,447,443.48,443.77
2016-11-03,445.22,447.42,442.31,442.31
2016-11-04,440.43,441.68,438.19,440.51
2016-11-07,445.99,448.22,445.35,448.22
2016-11-08,447.67,450.79,446.88,450.18
2016-11-09,437.21,454.42,436.28,454.36
2016-11-10,456.76,459.57,447.86,450.01
2016-11-11,452.61,453.28,444.2,445.41
2016-11-14,449.57,451.57,445.79,446.76
2016-11-15,449.22,451.52,448.66,450.54
2016-11-16,452.38,453.05,447.29,449.66
2016-11-17,448.46,451.83,447.27,451.82
2016-11-18,453.15,453.78,449.05,450.68
2016-11-21,452.67,454.13,448.42,453.03
2016-11-22,456.72,458.45,455.99,456.4
2016-11-23,457.84,459.06,454.74,456.41
2016-11-24,457.86,458.51,455.62,457.44
2016-11-25,458.05,458.41,455.86,457.99
2016-11-28,455.9,456.57,451.51,452.71
2016-11-29,451.26,453.34,449.51,452.5
2016-11-30,452.3,458.91,451.36,457.21
2016-12-01,455.89,457.36,452.3,453.6
2016-12-02,450.06,450.74,445.65,449.6
2016-12-05,447.59,457.91,447.43,454.47
2016-12-06,455.1,459.82,453.64,459.31
2016-12-07,462.8,463.23,460.73,462.11
2016-12-08,463.44,467.39,462.03,466.67
2016-12-09,467.04,470.45,466.95,469.77
2016-12-12,470.84,472.21,469.07,470.38
2016-12-13,470.69,474.33,470.01,473.65
2016-12-14,472.55,473.88,472.2,472.2
2016-12-15,473.52,477.17,473.18,476.52
2016-12-16,476.58,479.73,475.54,477.7
2016-12-19,477.76,480.41,477.76,480.35
2016-12-20,480.75,484.16,480.42,484.04
2016-12-21,483.21,484.21,481.71,483.21
2016-12-22,481.91,482.93,481.24,482.47
2016-12-23,483,483.67,482.27,482.86
2016-12-27,483.12,484.1,482.82,483.58
2016-12-28,483.43,484.2,482.99,484.2
2016-12-29,481.69,483.08,481.48,482.46
2016-12-30,482.21,483.54,480.54,483.17
2017-01-02,481.16,487.1,481.01,486.37
2017-01-03,488.07,489.91,487.31,487.99
2017-01-04,489.68,489.68,486.51,487.58
2017-01-05,486.5,488.32,485.78,486.93
2017-01-06,486.59,487.34,485.06,487
2017-01-09,487.75,487.75,484.02,485.1
2017-01-10,485.26,486.23,483.02,484.74
2017-01-11,484.41,488.86,482.9,486.58
2017-01-12,485.17,486.48,482.41,483.09
2017-01-13,485.68,488.11,484.85,488.09
2017-01-16,485.22,486.17,484.07,484.13
2017-01-17,482.34,484.06,480.53,481.77
2017-01-18,484.73,485.44,481.87,484.75
2017-01-19,486.57,486.59,482.69,484.64
2017-01-20,484.56,487.96,483.38,485.98
2017-01-23,483.89,485.45,481.3,482.71
2017-01-24,482.94,483.93,482.06,483.05
2017-01-25,486.36,489.08,485.65,488.03
2017-01-26,488.29,488.65,485.18,486.45
2017-01-27,486.39,486.6,484.43,485.87
2017-01-30,484.42,485.42,478.12,479.53
2017-01-31,479.97,482.85,476.71,476.71
2017-02-01,480.19,482.5,479.38,479.65
2017-02-02,480.23,484.23,479.58,482.19
2017-02-03,483.38,487.26,482.36,485.92
2017-02-06,486.58,487.3,481.95,482.08
2017-02-07,481.7,485.99,481.7,484.28
2017-02-08,485.86,485.86,480.23,483.51
2017-02-09,484.62,489.12,484.57,488.5
2017-02-10,490.67,490.86,487.93,489.56
2017-02-13,491.31,495.18,490.99,494.05
2017-02-14,494.74,495.04,493.29,494.62
2017-02-15,496.46,497.14,494.61,496.66
2017-02-16,494.82,495.84,492.93,493.98
2017-02-17,493.12,499.08,489.8,499.08
2017-02-20,496.67,497.29,494.22,495.66
2017-02-21,495.22,499.13,494.52,498.57
2017-02-22,499.61,500.94,496.94,499.11
2017-02-23,498.92,500.58,497.06,497.63
2017-02-24,497.29,497.62,491.19,494.9
2017-02-27,496.6,497.25,494.06,494.81
2017-02-28,496.23,496.57,491.87,495.35
2017-03-01,499.14,505.5,498.94,505.04
2017-03-02,505.37,505.37,502.44,503.79
2017-03-03,502.35,506.04,501.98,505.86
2017-03-06,503.81,503.97,501.46,503.65
2017-03-07,503.9,504.96,502.35,502.95
2017-03-08,502.34,503.75,501,502.8
2017-03-09,504.53,508.19,503.93,507.74
2017-03-10,510.17,514.04,509.45,511.14
2017-03-13,511.62,513.09,510.63,511.9
2017-03-14,512.35,512.35,508.67,510.06
2017-03-15,511.49,513.25,511.11,511.66
2017-03-16,516.11,516.11,513.27,514.53
2017-03-17,513.37,516.9,512.97,516.24
2017-03-20,514.76,516.54,514.62,515.09
2017-03-21,517.15,518.88,512.43,513.59
2017-03-22,510.81,511.2,506.39,509.52
2017-03-23,509.57,512.98,508.13,512.62
2017-03-24,512.5,512.8,510.41,511.53
2017-03-27,506.65,509.56,506.23,509.32
2017-03-28,510.9,512.15,508.89,512.15
2017-03-29,513.82,514.7,511.67,513.58
2017-03-30,513.71,515.73,513.09,515.73
2017-03-31,514.6,516.54,513.76,516.54
2017-04-03,517.52,518.32,513.25,513.45
2017-04-04,513.46,514.38,512.12,514.05
2017-04-05,515.07,517.37,514.56,514.89
2017-04-06,511.48,516.56,510.86,516.3
2017-04-07,515.58,518.7,514.22,518.69
2017-04-10,519.51,519.76,516.98,519.15
2017-04-11,517.6,520.31,515.71,518.4
2017-04-12,519.34,521.48,517.52,517.81
2017-04-13,516.33,516.88,514.71,515.77
2017-04-18,515.55,516.09,509.52,509.73
2017-04-19,511.4,514.39,509.76,511.28
2017-04-20,510.17,513.99,509.4,511.72
2017-04-21,512.7,513.62,510.13,512.19
2017-04-24,522.21,525.02,520.99,523.73
2017-04-25,525.61,526.25,523.52,524.05
2017-04-26,523.88,524.92,522.54,524.46
2017-04-27,522.41,522.47,520.97,521.89
2017-04-28,520.56,522.19,520.08,521.13
2017-05-02,522.4,525.82,521.79,525.48
2017-05-03,524.61,525.2,523.86,525.2
2017-05-04,527.53,528.76,525.77,528.44
2017-05-05,527,533.27,526.62,533.27
2017-05-08,534.08,535.05,531.79,534.31
2017-05-09,535.32,537.84,535.32,536.26
2017-05-10,535.27,535.86,534.18,535.66
2017-05-11,536.78,537.23,532.5,534.24
2017-05-12,534.64,534.87,533.13,534.71
2017-05-15,535.35,536.12,533.92,535.41
2017-05-16,535.18,536.34,534.11,535.76
2017-05-17,532.81,535.13,527.64,529.06
2017-05-18,527.07,527.57,519.48,524.52
2017-05-19,525.9,527.48,524.47,526.92
2017-05-22,528.49,528.89,526.89,527.85
2017-05-23,526.63,529.45,525.87,528.17
2017-05-24,528.04,529.04,527.11,527.87
2017-05-25,528.88,529.28,525.09,527.46
2017-05-26,526.74,528.21,525,528.03
2017-05-29,526.99,527.78,526.37,527.73
2017-05-30,525.55,527.37,524.12,525.71
2017-05-31,525.6,527.62,524.07,524.07
2017-06-01,524.11,527.96,523.46,527.03
2017-06-02,529.62,531.61,525.92,526.74
2017-06-05,526.43,526.65,523.79,524.44
2017-06-06,523.06,523.53,520.97,521.71
2017-06-07,521.71,527.38,520.59,523.1
2017-06-08,523.57,525.89,523.22,523.55
2017-06-09,524.56,527.82,523.49,527.3
2017-06-12,525.21,525.4,521.43,521.89
2017-06-13,523.38,524.38,522.2,523.39
2017-06-14,524.84,528.06,521.71,521.71
2017-06-15,521.07,521.17,515.84,518.75
2017-06-16,520.2,522,518.28,520.67
2017-06-19,524.65,527.42,524.59,525.87
2017-06-20,528.05,528.54,520.88,520.88
2017-06-21,519.6,520.94,515.33,520.48
2017-06-22,519.36,519.42,515.93,519.39
2017-06-23,518.32,519.62,516.1,519.5
2017-06-26,521.76,524.17,520.59,520.62
2017-06-27,520.35,521.5,516.93,518.73
2017-06-28,515,518.21,512.1,516.39
2017-06-29,518.5,519.33,507.52,508.53
2017-06-30,508.72,512.34,506.91,507.15
2017-07-03,509.54,513.77,509.54,513.12
2017-07-04,511.06,513.7,510.43,511.73
2017-07-05,511.94,512.74,510.11,511.35
2017-07-06,511.58,511.84,506.27,509.94
2017-07-07,509.52,509.92,508.06,509.92
2017-07-10,512.2,513.06,510.8,512.05
2017-07-11,512.75,513.59,510.35,510.99
2017-07-12,512.38,518.32,512.08,516.59
2017-07-13,517.88,519.74,516.84,519.11
2017-07-14,519.45,521.26,518.44,521.07
2017-07-17,522.8,523.33,520.72,521.5
2017-07-18,520.8,521.89,517.33,518.17
2017-07-19,522.44,524.42,520.44,524.25
2017-07-20,526.67,529.83,524.71,526.29
2017-07-21,525.58,527.16,521,522.22
2017-07-24,522.6,523.14,519.32,521.65
2017-07-25,522.14,526.56,522.14,524.69
2017-07-26,525.33,528.31,524.65,527.72
2017-07-27,526.8,530.66,526.35,530.35
2017-07-28,527.64,527.64,524.16,525.53
2017-07-31,525.59,527.85,525.02,525.44
2017-08-01,528.75,529.1,524.93,527.48
2017-08-02,528.68,528.68,524.24,525.3
2017-08-03,523.6,526.54,521.84,525.57
2017-08-04,523.77,529.89,523.45,529.09
2017-08-07,530.06,531.41,529.31,531.41
2017-08-08,531.65,533.18,530.32,532.68
2017-08-09,530.51,531.11,527.32,528.21
2017-08-10,527.21,527.41,522.57,523.63
2017-08-11,520.05,520.05,516.11,516.97
2017-08-14,519.93,522.01,518.82,521.1
2017-08-15,522.47,523.38,521.01,522.67
2017-08-16,524.33,526.81,524.08,525.89
2017-08-17,524.91,526.09,523.14,523.71
2017-08-18,519.83,519.86,517.3,519.64
2017-08-21,518.07,519.23,515.46,516.71
2017-08-22,518.97,521.92,518.97,521.87
2017-08-23,521.32,522.72,518.31,519.36
2017-08-24,520.39,520.95,519.1,519.1
2017-08-25,518.72,520.02,517.37,517.42
2017-08-28,515.13,516.63,512.68,514.76
2017-08-29,510.12,510.57,505.92,510.03
2017-08-30,513.34,514.02,511.29,513.01
2017-08-31,515.55,517.38,514.3,516.04
2017-09-01,518.16,519.02,517.11,518.18
2017-09-04,515.01,517.81,515.01,516.27
2017-09-05,517.39,518.9,514.77,515.46
2017-09-06,513.9,517.12,512.82,516.47
2017-09-07,517.77,520.04,515.94,518.83
2017-09-08,517.01,519.51,516.82,518.82
2017-09-11,521.6,524.03,521.6,523.96
2017-09-12,525.92,527.38,525.18,526.58
2017-09-13,525.74,529.76,525.74,528.69
2017-09-14,527.86,530.13,527.69,529.34
2017-09-15,528.33,529,526.11,526.78
2017-09-18,529.11,530.05,528.2,529.31
2017-09-19,528.38,529.32,528.03,528.66
2017-09-20,528.35,529.24,527.88,528.66
2017-09-21,530.01,530.75,528.09,528.47
2017-09-22,527.03,529.28,526.85,528.03
2017-09-25,527.17,529.75,526.89,527.78
2017-09-26,527.16,529.65,527.13,528.5
2017-09-27,529.54,531.88,529.39,531.09
2017-09-28,531.91,533.39,531.37,533.39
2017-09-29,534.39,537.06,534.25,537.06
2017-10-02,538.57,541.26,537.79,541.04
2017-10-03,541.99,542.25,540.86,542.25
2017-10-04,542.51,542.51,540.28,541.65
2017-10-05,541.11,542.88,540.99,542.88
2017-10-06,542.38,542.38,539.26,539.9
2017-10-09,540.7,542.74,540.32,541.19
2017-10-10,540.44,542.17,540.22,541.14
2017-10-11,541.74,541.8,539.73,541.76
2017-10-12,541.69,543.02,541.18,542.84
2017-10-13,544,547.15,543.85,546.21
2017-10-16,547.43,547.79,546.67,546.67
2017-10-17,547.05,547.78,546.19,546.62
2017-10-18,546.81,549.45,546.2,547.68
2017-10-19,545.87,546.58,541.66,544.56
2017-10-20,545.95,546.45,543.82,544.63
2017-10-23,545.3,547.36,543.75,545.96
2017-10-24,544.85,546.71,543.67,543.67
2017-10-25,543.28,545.25,540.37,541.27
2017-10-26,541.59,548.19,541.59,547.67
2017-10-27,549.32,551.29,548.04,549.44
2017-10-30,549.16,550.06,548.5,549.46
2017-10-31,550.36,553.92,550.14,553.38
2017-11-01,555.71,557.35,554.49,554.49
2017-11-02,554.52,555.47,551.14,553.83
2017-11-03,554.96,555.47,553.32,555.15
2017-11-06,554.5,556.17,553.55,555.22
2017-11-07,557.29,557.43,553.64,553.8
2017-11-08,555.18,555.89,553.64,554.77
2017-11-09,554.56,555.61,550,550.37
2017-11-10,549.66,551.1,547.23,547.32
2017-11-13,548.35,548.77,543.1,545.43
2017-11-14,545.94,546.6,540.06,541.73
2017-11-15,538.65,539.66,535.44,538.49
2017-11-16,540.03,540.49,538.18,539.19
2017-11-17,539.72,539.87,534.62,536.62
2017-11-20,535.63,540.91,535.52,539.71
2017-11-21,539.5,543.2,538.75,541.82
2017-11-22,542.16,544.43,540.02,540.02
2017-11-23,538.6,542.39,537.76,541.35
2017-11-24,541.61,543.53,540.63,540.63
2017-11-27,539.84,542.95,538.05,538.09
2017-11-28,539.4,544.98,539.04,543.59
2017-11-29,546.13,546.6,540.18,541.42
2017-11-30,541.11,545.02,540.11,540.11
2017-12-01,540.95,541.4,535.29,535.57
2017-12-04,541.99,543.55,539.82,541.54
2017-12-05,542.51,543.88,540.19,543.08
2017-12-06,539.15,543.75,538.3,542.77
2017-12-07,543.65,544.67,542.08,544.51,116761200
2017-12-08,547.3,548.9,546.36,547.22,112758656
2017-12-11,548.81,548.92,547.2,548.41,93217072
2017-12-12,550.09,552.87,548.96,552.87,116444128
2017-12-13,551.65,552.85,550.56,550.56,100629088
2017-12-14,550.16,550.6,547.47,547.47,88645640
2017-12-15,546.61,548.67,545.65,548.67,144953872
2017-12-18,551.57,553.65,551.15,553.29,81759840
2017-12-19,553.84,555.12,551.91,552.03,68928936
2017-12-20,552.21,552.26,545.19,547.38,75904296
2017-12-21,546.27,549.72,544.08,549.39,72727360
2017-12-22,548.33,549.18,546.89,548.48,46669752
2017-12-27,548.51,549.86,546.44,548.6,43132916
2017-12-28,548.35,548.94,546.47,547.06,41093940
2017-12-29,546.2,547.72,544.04,544.58,46941484
2018-01-02,545.24,545.38,540.34,544.79,66574080
2018-01-03,546.46,551.02,546.1,549.34,96584760
2018-01-04,551.37,555,550.91,554.06,97554976
2018-01-05,554.59,558.16,554.17,558.16,79149976
2018-01-08,559.82,561.32,559.53,560.89,68958176
2018-01-09,562.24,563.31,561.24,563.04,108091968
2018-01-10,562.17,563.3,559.16,560.44,113485264
2018-01-11,561.33,561.33,557.83,558.89,103324808
2018-01-12,559.99,561.1,557.93,561.1,87552448
2018-01-15,561.5,562.23,559.86,561.06,56712208
2018-01-16,561.7,562.7,560.26,561.18,75084264
2018-01-17,561.72,564.09,561.33,563.28,88429944
2018-01-18,565.88,566.49,564.15,566.49,89792976
2018-01-19,565.67,570.27,565.54,569.3,84951960
2018-01-22,569.08,570.9,568.86,570.82,76983448
2018-01-23,572.75,572.81,569.26,570.6,93401464
2018-01-24,570.04,570.44,566.04,566.04,80156672
2018-01-25,564.8,569.21,563.35,565.07,84886352
2018-01-26,565,567.7,564.4,566.79,61202096
2018-01-29,567.58,567.58,565.08,566.06,69149256
2018-01-30,563.23,564.76,559.88,561,94376440
2018-01-31,560.43,562.08,559.15,560.52,108813344
2018-02-01,563.02,563.54,555.84,556.87,103653504
2018-02-02,555.7,555.7,549.95,550.08,92073320
2018-02-05,544.07,545.16,540.77,542.65,99599736
2018-02-06,523.19,533.6,522.2,526.18,191770784
2018-02-07,533.73,537.72,529.52,536.36,128421248
2018-02-08,532.94,533.87,524.21,526.12,117849712
2018-02-09,522.97,525.4,515.96,518.33,138836544
2018-02-12,524.3,526.57,521.61,524.1,95924000
2018-02-13,524.78,525.27,520.57,520.57,79220664
2018-02-14,523.98,527.48,518.05,525.64,102400624
2018-02-15,528.06,529.43,525.58,527.57,102872104
2018-02-16,530.72,533,529.96,532.27,89398736
2018-02-19,533.79,533.79,527.85,528.76,52708700
2018-02-20,528.68,533.33,528.02,532.93,73480488
2018-02-21,531.46,534.47,529.54,533.95,74922928
2018-02-22,530.11,533.51,528.37,532.64,81540888
2018-02-23,533.68,534.58,531.23,534.09,58635024
2018-02-26,536.88,540.18,536.64,538.31,64062632
2018-02-27,540.36,540.65,536.57,537.83,78372832
2018-02-28,535.69,539.08,535.24,535.58,91205920
2018-03-01,533.05,533.38,527.1,529.59,94822488
2018-03-02,524.78,525.61,517.27,518.72,114929872
2018-03-05,517.79,527.32,517.79,526.51,86800088
2018-03-06,530.92,531.07,528.33,528.36,79451056
2018-03-07,526.02,531.23,524.83,530.71,80521408
2018-03-08,531.33,536.56,530.44,535.22,92299712
2018-03-09,534.87,537.91,534.32,537.14,72559304
2018-03-12,539.73,539.75,536.25,538.43,62548172
2018-03-13,538.53,539.53,530.52,532.52,84763184
2018-03-14,531.23,534.64,529.89,530.97,84801240
2018-03-15,532.93,534.29,530.77,533.3,80687288
2018-03-16,533.53,537.82,533.36,536.92,192002080
2018-03-19,536.29,536.76,530.31,531.52,78199560
2018-03-20,532.45,536.11,530.79,535.45,78482384
2018-03-21,535.46,536.57,533.22,536.48,78428672
2018-03-22,532.81,536.05,524.57,528.37,108808720
2018-03-23,523.67,525.24,517.88,521.45,103654736
2018-03-26,522.68,524.8,516.58,518.75,81865056
2018-03-27,527.16,528.14,524.91,525.76,88602432
2018-03-28,521.04,527.1,517.7,527,104571320
2018-03-29,528.13,532.22,526.23,529.52,83471008
2018-04-03,525.32,530.4,524.29,528.48,81236896
2018-04-04,528.96,529.39,521.68,526.19,91218440
2018-04-05,534.45,541.1,533.64,540.49,99718096
2018-04-06,538.11,541.14,537.6,539.29,82823672
2018-04-09,540.39,541.65,537.53,539.9,67391888
2018-04-10,543.11,545.57,541.39,545.25,89346728
2018-04-11,544.19,545.53,542.16,544.5,80880960
2018-04-12,545.1,548.75,544.56,547.9,93876864
2018-04-13,547.99,549.07,546.54,548.05,77419400
2018-04-16,548.43,549.02,545.96,546.62,72386304
2018-04-17,548.1,552.33,547.31,551.32,79328936
2018-04-18,550.62,553.83,550.62,553.35,95132136
2018-04-19,553.72,553.83,550.01,551.31,78612936
2018-04-20,549.13,552.04,548.57,550.38,94692088
2018-04-23,550.17,554.33,549.02,554.25,78616544
2018-04-24,552.48,556.51,552.29,556.44,82873856
2018-04-25,551.08,553.57,548.79,551.73,92519936
2018-04-26,549.9,554.76,548.84,554.41,110744072
2018-04-27,554.84,556.15,553.16,554.94,82100416
2018-04-30,554.23,555.89,553.92,555.73,79418104
2018-05-02,555.54,557.69,555.07,555.86,98370176
2018-05-03,554.24,555.3,550.42,551.73,87970600
2018-05-04,552.65,555.76,552.37,555.7,80829000
2018-05-07,555.23,557.97,554.99,557.86,43821768
2018-05-08,557.24,559.74,556.66,558.51,85438208
2018-05-09,559.04,561.51,558.45,561.51,110850208
2018-05-10,561.11,563.12,560.46,562.18,75655192
2018-05-11,561.63,562.94,560.38,562.27,85203384
2018-05-14,562.11,563.57,561.52,563.52,75446368
2018-05-15,562.5,565.77,561.99,564.49,93152032
2018-05-16,562.99,565.48,562.99,565.13,84725176
2018-05-17,565.14,568.96,564.95,568.96,100407656
2018-05-18,567.71,570.22,565.1,567.03,98114288
2018-05-21,568.23,571.08,568.06,570.07,113886816
2018-05-22,569.8,572.9,569.13,572.05,121012320
2018-05-23,569.95,570.08,563.3,565.07,157418544
2018-05-24,565.49,567.85,560.48,561.62,118107912
2018-05-25,564.32,565.31,559.96,562.77,97287752
2018-05-28,564.84,565.34,558.12,559.84,60393108
2018-05-29,556.81,558.2,550.38,554.77,126164920
2018-05-30,554.88,557.6,553.2,557.6,102425544
2018-05-31,558.82,559.26,552.36,552.85,143469104
2018-06-01,556.52,560.86,556.43,559.18,99174792
2018-06-04,562.21,563.53,560.82,561.7,88804464
2018-06-05,561.37,565.95,560.91,562.78,92180112
2018-06-06,563.24,564.62,558.26,562.24,90803200
2018-06-07,565.23,565.23,559.96,562.04,97151920
2018-06-08,558.04,561.39,555.77,560.03,97298888
2018-06-11,562.29,565.49,561.7,564.84,85489424
2018-06-12,567.06,567.57,562.38,563.01,78439168
2018-06-13,563.5,566.38,563.16,563.95,92156368
2018-06-14,560.66,568.51,557.39,567.53,113433320
2018-06-15,567.83,569.16,561.71,561.71,181896224
2018-06-18,560.27,561.43,556.5,559.68,87281408
2018-06-19,553.12,555.51,551.72,554.57,96615488
2018-06-20,557.46,558.97,554.97,554.97,101796464
2018-06-21,556.82,558.25,551.16,552.6,99591352
2018-06-22,553.7,560.34,553.61,560.34,89856744
2018-06-25,556.73,558.2,546.81,546.81,63216596
2018-06-26,548.99,550.57,547.08,547.27,76900848
2018-06-27,547.48,554.92,543.87,552.19,93029320
2018-06-28,549.66,552.41,544.12,547.48,83382496
2018-06-29,553.11,554.96,551.68,551.68,98716976
2018-07-02,545.46,548.86,544.09,546.51,78698288
2018-07-03,549.54,551.66,547.17,550.06,71268400
2018-07-04,548.73,550.36,547.92,549.22,63479072
2018-07-05,549.01,556.21,549.01,552.44,85926200
2018-07-06,555.09,555.31,550.24,553.62,83600472
2018-07-09,557,558.85,556.27,557.71,72286176
2018-07-10,559.03,561.57,558.22,560.58,69553248
2018-07-11,556.54,556.84,553.25,553.25,82081224
2018-07-12,554.46,557.04,552.44,557.02,68183976
2018-07-13,558.42,560.8,558.42,560.12,58162508
2018-07-16,560.86,561.4,557.29,558.35,56836328
2018-07-17,558.19,559.96,556.02,559.19,71646496
2018-07-18,563.95,568.83,563.49,568.19,78309984
2018-07-19,568.28,570.71,567.19,570.21,80201576
2018-07-20,569.15,573.01,566.86,572.2,104850352
2018-07-23,570.61,572.19,568.56,570.48,63234136
2018-07-24,572.46,575.67,570.55,573.62,87595776
2018-07-25,572.83,574.16,571.64,572.9,75104248
2018-07-26,574.92,575.65,571.81,573.66,111379504
2018-07-27,574.23,576.9,573.88,576.24,83958832
2018-07-30,572.65,574.97,572.57,573.19,70829272
2018-07-31,574.35,575.68,574.02,574.25,90495024
2018-08-01,574.68,575.49,571.96,572.88,88894536
2018-08-02,570.63,572.54,567.87,569.95,146481040
2018-08-03,571.78,573.34,570.84,572.29,81064296
2018-08-06,572.52,573.61,570.54,572.56,60215452
2018-08-07,573.95,575.45,573.38,573.91,71827336
2018-08-08,572.41,575.09,572.28,573.7,71566408
2018-08-09,571.36,573.01,571.27,572.22,65548604
2018-08-10,567.81,568.74,560.79,562.98,102383720
2018-08-13,561.23,562.69,559.54,561.19,78102752
2018-08-14,563.66,565.01,560.35,561.48,67331488
2018-08-15,562.41,562.43,550.73,552.7,86047856
2018-08-16,555.27,557.06,553.86,556.38,77381624
2018-08-17,556.1,556.13,549.73,552.95,81213040
2018-08-20,554.56,557.46,554.15,556.05,67745688
2018-08-21,555.57,558.38,555.41,557.2,63591044
2018-08-22,555.39,560.39,555.39,559.2,81145328
2018-08-23,559.27,561.63,558.87,558.91,62819668
2018-08-24,559.32,561.52,559.32,560.29,63168224
2018-08-27,562,564.41,561.31,564.13,47865732
2018-08-28,565.24,565.51,563.03,563.03,71395688
2018-08-29,564.4,565.58,561.97,565.15,58838088
2018-08-30,564.54,564.54,561.09,563.37,86149928
2018-08-31,561.95,562.14,557.93,558.42,80745264
2018-09-03,558.5,560.46,557.7,559.78,49286512
2018-09-04,560.63,561.61,551.81,553.41,90204216
2018-09-05,551.79,552.35,546.52,546.91,97550496
2018-09-06,545.01,546.26,539.37,539.37,92351208
2018-09-07,539.37,539.37,533.91,538.51,154310048
2018-09-10,537.67,541.37,537.59,539.8,81996504
2018-09-11,540.21,540.28,536.24,539.79,96790592
2018-09-12,539.62,543.36,537.35,540.27,92346064
2018-09-13,539.77,542.15,538.7,539.52,88985440
2018-09-14,541.32,542.51,539.65,540.53,90865104
2018-09-17,539.99,542.6,538.89,540.85,79366168
2018-09-18,540.76,543.46,539.82,543.06,87761896
2018-09-19,543.39,544.71,540.85,543.07,100409912
2018-09-20,543.61,548.22,543.61,547.45,115542832
2018-09-21,549.02,550.98,548.77,549.79,168255088
2018-09-24,548.59,550.39,547.66,548.43,81123128
2018-09-25,549.51,553.32,549.5,552.64,92588608
2018-09-26,552.99,552.99,550.2,552.35,73165312
2018-09-27,550.51,554.34,549.52,553.75,81252720
2018-09-28,552.15,553.49,546.52,549.62,112098136
2018-10-01,550.08,554.05,549.98,552.55,73476400
2018-10-02,549.96,550.1,546.14,549.33,79790216
2018-10-03,551.22,553.72,549.92,552.85,77214888
2018-10-04,552.05,552.31,543.38,544.12,100511880
2018-10-05,544.27,544.71,538.96,539.51,82041472
2018-10-08,538.09,538.56,532.62,533.52,79790296
2018-10-09,534.91,537.81,530.67,536.95,81685104
2018-10-10,537.25,537.37,528.03,528.03,117321680
2018-10-11,520.97,524.83,516.99,517.89,140039648
2018-10-12,522.82,522.87,516.1,516.29,109404624
2018-10-15,516.28,519.12,512.67,518.36,85294400
2018-10-16,518.36,526.66,517.72,526.18,97947976
2018-10-17,531.43,533.43,525.33,527.58,102749576
2018-10-18,526.91,529.12,523.87,523.87,100554464
2018-10-19,525.14,527.86,521.91,525.17,117777088
2018-10-22,526.95,527.49,518.7,519.08,86753313
2018-10-23,513.55,514.42,509.2,510.86,115276600
2018-10-24,511.93,515.52,507.6,507.8,109859495
2018-10-25,504.34,513.64,504.17,513.16,109789286
2018-10-26,508.8,509.09,500.45,507.52,111705097
2018-10-29,507.97,514.21,507.82,509.4,73003891
2018-10-30,510.76,512.32,505.5,510.73,84573524
2018-10-31,516.19,520.21,516,518.71,106768273
2018-11-01,519.9,523.08,518.94,520.8,114940072
2018-11-02,528.18,528.45,521.8,521.8,102341772
2018-11-05,522.24,524.76,521.14,521.94,70783487
2018-11-06,523.79,523.84,520.13,522.31,75453148
2018-11-07,524.93,529.72,524.86,528.57,99100930
2018-11-08,530.78,531.61,527.58,528.48,72737535
2018-11-09,526.38,530.05,524.99,529.55,75186716
2018-11-12,533.45,534.21,525.87,526.1,65930254
2018-11-13,527.96,530.05,525.15,529.61,78130311
2018-11-14,524.78,530.82,522.11,527.14,85452502
2018-11-15,527.16,528.65,519.97,524.89,95025343
2018-11-16,527.24,528.59,520.07,522.43,101724642
2018-11-19,524.24,526.32,518.4,518.9,67082286
2018-11-20,515.79,516.24,506.9,510.48,103810935
2018-11-21,513.26,517.84,512.53,517.34,87323620
2018-11-22,515.67,516.3,513.74,514.1,96572449
2018-11-23,514.37,515.62,509.46,513.85,82010606
2018-11-26,518.06,520.43,516.2,518.91,119068834
2018-11-27,519.5,520.33,516.09,519.56,97288952
2018-11-28,521.95,522.65,518.43,519.58,108625960
2018-11-29,523.57,523.86,518.16,520.28,96142593
2018-11-30,520.38,521.11,516.85,519.37,143031154
2018-12-03,529.74,530.03,523.48,523.87,101603532
2018-12-04,523.84,525.25,522.27,523.23,93575987
2018-12-05,518.44,518.7,515.98,516.04,72935837
2018-12-06,510.71,511,496.64,498.92,136853359
2018-12-07,502.48,509.52,502.16,503.98,100558041
2018-12-10,500.75,502.53,493.57,495.31,108721135
2018-12-11,498.41,505.22,497.81,501.01,96233191
2018-12-12,503.67,511.84,503.67,509.72,96497492
2018-12-13,511.15,511.52,506.28,508.27,98070882
2018-12-14,503.43,508.19,500.24,506.53,84237234
2018-12-17,504.89,504.89,498.08,500.08,81622850
2018-12-18,496.04,497.48,493.08,494.45,110333812
2018-12-19,493.36,497.06,493.02,495.99,88292178
2018-12-20,487.82,489.56,485.24,485.97,126130990
2018-12-21,483.15,484.81,477.75,484.81,197435737
2018-12-24,480.25,483.63,478.34,478.34,28534931
2018-12-27,486.15,486.27,472.19,476.03,97175021
2018-12-28,480.06,485.94,477.9,484.17,76231527
2018-12-31,486.41,488.37,484.95,487.88,25133200
2019-01-02,479.91,488.37,477.05,486.57,75583209
2019-01-03,480.74,483.8,478.2,480.41,87788309
2019-01-04,484.3,493.39,483.29,492.01,95985457
2019-01-07,494.23,494.59,488.98,491.75,75166381
2019-01-08,491.72,497.35,491.4,493.69,93036346
2019-01-09,497.05,499.04,494.82,496.21,93937318
2019-01-10,493.9,497.77,492.17,497.77,81104468
2019-01-11,499.34,501.18,496.81,498.65,78381146
2019-01-14,495.32,496.92,493.69,494.99,73376482
2019-01-15,499.21,500.15,495.15,498.2,74438455
2019-01-16,500.55,501.05,496.92,499.87,77426255
2019-01-17,497.89,500.56,496.88,499.84,72984714
2019-01-18,502.84,510.63,502.83,509.7,110781358
2019-01-21,508.84,510.61,508.6,509.88,47913399
2019-01-22,506.91,508.89,504.62,506.75,70670431
2019-01-23,503.85,511.46,502.87,507.46,85274446
2019-01-24,507.5,511.53,506.94,510.08,81932141
2019-01-25,513.5,515.54,512.56,515.1,95770854
2019-01-28,512.67,514.05,509.32,510.88,86037365
2019-01-29,512.14,517.44,510.93,515,78922831
2019-01-30,515.36,519.89,515.36,518.48,106961094
2019-01-31,520.15,521.02,516.47,520.63,193213674
2019-02-01,521.82,523.24,519.74,523.24,112215992
2019-02-04,523.59,525.68,523.11,525.68,94145454
2019-02-05,526.7,532.66,526.12,532.49,93115740
2019-02-06,532.19,537.28,532.19,536.63,115168988
2019-02-07,535.5,538.6,530.5,530.5,98638885
2019-02-08,529.58,530.92,526.69,527.99,96350209
2019-02-11,531.08,533.6,530.15,531.12,74395651
2019-02-12,535.18,535.58,533.44,534.35,74806250
2019-02-13,535.84,538.4,534.65,536.33,87081168
2019-02-14,537.01,538.8,533.57,534.24,98460879
2019-02-15,533.72,541.27,533.13,539.62,110611932
2019-02-18,539.62,540.6,538.21,539.63,63284083
2019-02-19,539.27,539.76,535.83,538.07,67224617
2019-02-20,539.2,540.47,536.19,540.03,67398670
2019-02-21,540.46,542.22,539.11,540.57,77562679
2019-02-22,540.08,543.03,539.81,541.37,62138840
2019-02-25,543.4,544.88,541.75,542.52,65687847
2019-02-26,540.66,544.05,538.53,543.18,69378183
2019-02-27,540.99,541.12,537.76,540.29,87768390
2019-02-28,536.92,541.64,536.92,541.05,108755592
2019-03-01,543.06,543.06,538.59,538.59,89156594
2019-03-04,540.71,542.83,539.55,540.77,65406729
2019-03-05,540.81,542.41,537.92,541.12,123184092
2019-03-06,540.19,540.57,537.43,538.95,96281988
2019-03-07,537.39,541.07,534.29,536.68,111155769
2019-03-08,533.06,533.97,529.72,530.55,100958916
2019-03-11,533.11,535.9,531.84,535.38,70126637
2019-03-12,537.84,537.99,533.64,535.41,75539315
2019-03-13,534.34,540.04,534.27,539.26,74753451
2019-03-14,539.96,545.94,539.96,544.19,78424669
2019-03-15,544.61,552.53,544.42,552.18,198935270
2019-03-18,551.86,552.92,550.71,552.23,74058157
2019-03-19,552.38,555.55,552.11,552.65,67258361
2019-03-20,551.31,552.07,547.42,547.42,72279420
2019-03-21,548.38,551.45,546.86,550.39,67893104
2019-03-22,551.84,552.44,543.1,543.9,87518635
2019-03-25,540.55,543.27,538.7,541.16,71086410
2019-03-26,543.17,546.86,541.1,545.37,66564367
2019-03-27,545.49,547.61,542.09,545.14,84574970
2019-03-28,544.41,546.92,543.32,543.71,59342573
2019-03-29,547.36,549.01,546.08,548.98,77611806
2019-04-01,552.89,554.78,552.01,554.14,68805620
2019-04-02,554.62,557.33,554.59,555.94,68549545
2019-04-03,559.26,561.59,558.63,561.35,75786203
2019-04-04,560.46,562.46,559.7,561.55,51158343
2019-04-05,561.92,563.37,561.35,562.58,60067261
2019-04-08,562.01,563.72,561.16,562.32,56469843
2019-04-09,561.71,564.33,559.55,559.66,61170549
2019-04-10,559.85,562.25,559.67,561.85,73577235
2019-04-11,561.01,563.35,558.88,561.83,72717327
2019-04-12,560.51,562.16,559.44,561.61,88891203
2019-04-15,562.39,563.85,561.28,562.57,58410313
2019-04-16,562.77,565.83,562.5,565.19,66884560
2019-04-17,565.89,568.28,564.93,566.19,86934950
2019-04-18,565.35,571.91,565.35,569.61,82103478
2019-04-23,568.83,570.93,567.5,570.64,80074682
2019-04-24,569.32,570.36,567.21,568.41,83210222
2019-04-25,567.04,568.62,565,567.59,65768633
2019-04-26,565.92,567.71,564.66,567.18,76517130
2019-04-29,567.59,568.94,565.32,568.01,58626818
2019-04-30,567.47,571.6,567.19,571.6,76575551
2019-05-02,568.87,569.54,566.06,566.51,77212556
2019-05-03,567.39,571.11,566.45,568.72,53172786
2019-05-06,560.91,563.89,557.69,563.75,54373494
2019-05-07,563.63,566.38,556.12,556.86,81862460
2019-05-08,555.86,559.82,554.64,558.93,77108572
2019-05-09,555.08,556.54,548.41,549.59,73049792
2019-05-10,553.46,554.81,549.55,550.87,65092509
2019-05-13,551.21,551.21,543.58,544.27,69259002
2019-05-14,545.97,550.65,544.73,550.65,66385981
2019-05-15,551.55,553.08,546,553.08,82255680
2019-05-16,550.98,559.15,549.37,559.15,69631620
2019-05-17,556.77,558.86,554.4,557.91,65959438
2019-05-20,556.76,558.69,549.36,551.37,65759446
2019-05-21,553.31,555.44,551.58,553.14,63958620
2019-05-22,552.4,554.42,548.75,552.97,58346615
2019-05-23,547.84,548.85,542.98,543.71,76478223
2019-05-24,545.83,549.49,545.18,547.21,62763488
2019-05-27,549.79,551.41,547.97,549.22,26026682
2019-05-28,549.87,551.33,546.81,549.1,101652169
2019-05-29,544.19,544.34,539.58,540.87,68870099
2019-05-30,543.06,546.89,543,545.43,45170865
2019-05-31,540.5,540.91,537.48,540.49,68945813
2019-06-03,535.9,540.72,534.49,540.72,73164037
2019-06-04,537.54,542.25,536.24,541.15,95032113
2019-06-05,542.11,545.69,541.42,543.64,74663484
2019-06-06,544.37,548.48,542.79,544.32,78916112
2019-06-07,545.99,552.52,545.99,550.24,69263374
2019-06-10,552.45,554.28,551.72,553.4,38913144
2019-06-11,554.6,559.4,554.42,557.22,78757399
2019-06-12,554.53,557.48,554.53,556.13,66161021
2019-06-13,554.77,557.57,554.14,555.85,60499476
2019-06-14,553.75,554.13,550.24,553.24,58116743
2019-06-17,554.05,555.3,551.17,552.28,49687284
2019-06-18,551.65,561.69,548.28,560.21,85985914
2019-06-19,560.88,561.82,559.56,561.45,69076621
2019-06-20,564.72,566.67,563.71,563.71,74726306
2019-06-21,563.8,565.4,560.71,562.39,126865263
2019-06-24,562.02,564.61,559.44,560.07,56148904
2019-06-25,558.28,559.63,557.82,558.32,64745074
2019-06-26,557.06,561.04,557.06,558.24,77284647
2019-06-27,559.43,559.89,554.38,557.53,70137084
2019-06-28,557.99,562.18,557.71,561.76,68302093
2019-07-01,569.22,571.15,568.09,568.27,71581412
2019-07-02,569.88,570.8,567.39,570.06,68190235
2019-07-03,569.76,573.16,569.72,572.93,60696182
2019-07-04,573.32,574.36,572.82,573.53,47916728
2019-07-05,573.84,574.05,568.26,570.46,60999191
2019-07-08,569.4,571.61,568.34,569.36,58869597
2019-07-09,568.19,568.38,564.55,566.28,62991376
2019-07-10,565.32,568.69,564.92,565.57,62373204
2019-07-11,567.37,569.32,565.96,566.99,58098938
2019-07-12,568.11,568.8,566.39,567.41,58356278
2019-07-15,568.29,570.78,565.93,569.26,58516295
2019-07-16,568.33,571.82,567.34,571.21,64988732
2019-07-17,570.02,574.86,570.02,572.34,73524622
2019-07-18,569.19,574.01,569,571.57,66561302
2019-07-19,574.41,575.97,570.3,571.84,72036680
2019-07-22,572.9,576,572.11,576,62982551
2019-07-23,579.13,584.37,579.13,582.08,78427100
2019-07-24,583.26,583.98,580.86,583.26,80872176
2019-07-25,584.34,586.32,575.15,578.82,108034185
2019-07-26,579.16,581.05,577.74,580.08,73785828
2019-07-29,578.12,582.54,577.5,579.55,71032339
2019-07-30,580.51,580.51,573.26,574.34,74517720
2019-07-31,573.18,574.32,571.32,572.09,73802460
2019-08-01,564.98,572.46,564.98,572.46,112666461
2019-08-02,560.52,562.24,553.04,554.32,157854984
2019-08-05,547.57,548.46,539.65,540.94,114102066
2019-08-06,538.86,543.38,537.14,537.28,96910809
2019-08-07,539.42,544.82,534.87,539.57,103184788
2019-08-08,544.39,548.88,542.27,548.88,88458608
2019-08-09,547.19,548.14,540.77,542.22,82097974
2019-08-12,545.37,548.24,540.93,542.14,69272103
2019-08-13,541.28,549.56,537.05,545.69,102330562
2019-08-14,546.89,546.89,533.54,536.66,94098023
2019-08-15,537.37,537.9,528.68,534.84,110065733
2019-08-16,536.75,542.26,536.4,541.94,109929408
2019-08-19,546.32,548.58,544.58,547.91,73863428
2019-08-20,547.38,550.03,544.22,545.23,66443538
2019-08-21,545.95,551.09,545.95,550.42,57116625
2019-08-22,548.61,550.95,545.82,546.9,75721188
2019-08-23,549.27,550.23,542.09,542.09,69440811
2019-08-26,539.58,545.33,538.74,543.32,44892423
2019-08-27,542.13,547.54,540.98,547.28,73721748
2019-08-28,545.69,548.93,543.57,548.38,58893957
2019-08-29,547.62,555.87,547.23,554.28,81649180
2019-08-30,555.26,559.5,555.15,558.35,78532377
2019-09-02,559.25,561.97,559.15,559.71,45334321
2019-09-03,558.73,559.78,556.48,559.01,64884427
2019-09-04,563.17,564.96,561.48,563.46,61450295
2019-09-05,567.48,569.1,566.06,569.1,75070232
2019-09-06,568.52,570.39,567.73,569.84,83116922
2019-09-09,570.59,570.7,567.14,568.13,71798909
2019-09-10,569.06,569.28,566.18,568.49,108946324
2019-09-11,570.04,573.46,570.04,573.17,87052328
2019-09-12,575,577.97,571.36,574.79,101837775
2019-09-13,574.36,577.68,573.54,576.83,82924519
2019-09-16,575.03,575.56,572.78,573.46,81407794
2019-09-17,573.22,575.46,572.43,574.93,78151562
2019-09-18,574.53,578.19,574.22,576.69,62236858
2019-09-19,575.47,579.51,575.47,579.08,72981022
2019-09-20,579.16,580.52,577.41,577.44,140979921
2019-09-23,575.96,576.94,572,574.67,67900138
2019-09-24,575.41,576.65,574.77,574.84,58375804
2019-09-25,572.07,573.42,567.33,573.42,68788437
2019-09-26,573.18,579.14,572.92,577.72,89809473
2019-09-27,577.86,580.04,576.9,578.31,64476241
2019-09-30,577.12,580.49,576.51,580.23,68130098
2019-10-01,582.65,584.29,573.4,573.89,80952058
2019-10-02,573.1,573.1,558.01,558.01,98756966
2019-10-03,556.88,560.48,553.85,558.5,76986478
2019-10-04,560.66,564.59,559.12,564.59,68425908
2019-10-07,564.18,569.91,563.78,569.6,56150220
2019-10-08,570.16,570.77,562.72,562.72,63347614
2019-10-09,562.88,567.61,561.48,565.75,74074234
2019-10-10,566.46,569.05,559.74,568.37,83483878
2019-10-11,569.59,577.42,568.83,577.42,104215632
2019-10-14,575.84,576.11,571.75,575.21,64676087
2019-10-15,579.25,581.07,576.29,579.87,77346032
2019-10-16,579.47,581.59,576.71,576.86,86868321
2019-10-17,575.52,579.88,575.28,576.27,81912373
2019-10-18,575.37,575.82,571.63,572.72,68776338
2019-10-21,573.42,576.6,572.88,575.92,71744440
2019-10-22,576.02,576.9,573.65,576.41,63441214
2019-10-23,573.77,577.1,573.15,575.97,70578738
2019-10-24,577.96,582.5,577.96,582.37,75025129
2019-10-25,582.88,583.81,580.03,583.81,69373582
2019-10-28,582.96,585.25,581.24,583.68,64507256
2019-10-29,584.12,584.12,580.47,581.82,82571377
2019-10-30,580.74,582.28,578.31,581.61,71224831
2019-10-31,582.22,582.61,575.56,576.63,99390399
2019-11-01,578.25,582.41,578.11,580.78,64321458
2019-11-04,583.05,587.14,582.6,585.55,86954305
2019-11-05,585.82,590.92,585.69,590.65,88242050
2019-11-06,591.31,595.68,591.3,594.93,83618922
2019-11-07,597.33,597.66,595.34,597.11,84416146
2019-11-08,595.29,597.71,595.16,596.5,72946414
2019-11-11,595.46,597.57,594.76,596.39,61119745
2019-11-12,597.8,600.35,597.26,599.03,64199107
2019-11-13,597.36,598.4,594.92,597.56,73029876
2019-11-14,596.14,598.31,595.26,595.26,62650856
2019-11-15,598.06,599.13,595.04,598.96,54843821
2019-11-18,599.62,599.96,595.99,598.17,61052313
2019-11-19,598.96,602.37,595.51,596.67,57044006
2019-11-20,594.49,594.61,591.43,594.16,65668322
2019-11-21,589.9,591.75,587.47,589.85,62982520
2019-11-22,591.15,594.45,590.95,592.71,64247511
2019-11-25,594.93,597.54,594.87,596.66,54078122
2019-11-26,596.74,598.4,594.55,597.59,105566561
2019-11-27,599.34,599.92,597.32,598.37,53229689
2019-11-28,596.81,597.97,596.15,597.87,35479722
2019-11-29,595.67,600.68,595.42,597.29,48996354
2019-12-02,598.17,602.13,585.94,587.12,82816798
2019-12-03,588.8,590.88,581.02,582.93,80150929
2019-12-04,583.65,591.99,583.65,590.99,67816955
2019-12-05,592.56,595.96,591.44,591.44,56832008
2019-12-06,594.04,603.03,593.75,602.3,57047492
2019-12-09,602.4,604.17,601.11,602.26,45009719
2019-12-10,601.14,601.14,593.77,599.93,51504291
2019-12-11,599.25,600.62,596.53,598.96,54019079
2019-12-12,599.78,602.59,595.76,599.71,93424546
2019-12-13,605.91,607.58,601.5,602.86,99665425
2019-12-16,605.89,612.4,605.89,610.67,61962483
2019-12-17,608.03,608.9,605.79,606.23,84530092
2019-12-18,606.3,608.49,605.96,606.04,67504188
2019-12-19,606.46,607.09,604.14,605.77,72173457
2019-12-20,606.29,609.38,604.52,609.26,119992936
2019-12-23,608.07,609.87,607.2,609.22,40398885
2019-12-24,609,609.78,608.6,609.33,13358018
2019-12-27,611.12,612.49,609.11,611.01,44092429
2019-12-30,609.77,610.61,605.83,605.83,33728357
2019-12-31,603.6,607.06,603.6,604.58,18076696
2020-01-02,608.01,613.95,607.75,612.87,56745298
2020-01-03,609.9,611.58,607.11,611.06,56599047
2020-01-06,605.95,607.84,601.82,607.24,65203436
2020-01-07,609.83,612.19,607.89,609.71,59997482
2020-01-08,607.53,611.42,606.56,610.48,65774297
2020-01-09,614.02,615.74,612.5,612.55,71216570
2020-01-10,614.15,614.17,610.42,610.43,52215334
2020-01-13,610.48,611.36,606.49,608.9,55903286
2020-01-14,609.52,611.88,605.07,611.15,57619322
2020-01-15,611.99,612.69,609.62,611.56,66773408
2020-01-16,612.41,614.41,611.36,612.06,55818390
2020-01-17,613.95,616.46,613.45,615.57,63200217
2020-01-20,615.07,615.6,613.39,614.23,38121200
2020-01-21,610.45,611.89,607.32,611.89,57659883
2020-01-22,609.9,613.18,609.09,611.56,66655699
2020-01-23,610.17,610.35,605.41,605.62,68494199
2020-01-24,610.56,615.92,610.56,614.24,62520233
2020-01-27,605.91,607.4,597.83,598.69,81757647
2020-01-28,601.04,603.3,596.77,602.96,76684552
2020-01-29,602.99,606.2,602.26,605.22,101018927
2020-01-30,599.27,600.88,596.75,598.95,104537662
2020-01-31,601.53,601.95,589.44,589.5,95469243
2020-02-03,591.43,594.52,589.4,592.36,68750961
2020-02-04,596.26,605.52,596.09,605.4,81939181
2020-02-05,604.27,615.63,604,613.41,94261523
2020-02-06,617.29,619.21,616.99,618.75,103468488
2020-02-07,616.75,617.94,614.07,616.46,70358001
2020-02-10,615.03,617.1,614.06,617.1,60469424
2020-02-11,621.52,625.21,621.52,623.85,74123504
2020-02-12,624.79,629.11,624.52,629.03,93905333
2020-02-13,626.7,629.14,621.98,629.14,117156937
2020-02-14,629.14,630.55,627.49,629.23,76975134
2020-02-17,630.56,632.12,627.04,629.17,48885180
2020-02-18,623.1,626.68,622.76,625.43,74582954
2020-02-19,627.47,629.48,627.25,629.2,92033337
2020-02-20,628.88,629.16,622.12,622.12,81926412
2020-02-21,619.59,621.85,613.2,617.33,88133329
2020-02-24,601.82,602.99,588.4,593.3,131977218
2020-02-25,596.58,597.56,581.52,582.71,116933548
2020-02-26,577.81,583.6,565.29,581.78,141550844
2020-02-27,569.97,573.6,552.65,559.98,167253760
2020-02-28,541.44,543.65,531.18,539.38,255627255
2020-03-02,550.95,554.32,530.14,542.17,177454166
2020-03-03,551.5,561.49,548.03,550.22,170510038
2020-03-04,550.49,561.29,547.37,557.73,144697705
2020-03-05,561.42,562.26,547.81,552.54,147291687
2020-03-06,540.58,543.89,528.49,531.29,174104406
2020-03-09,506.95,506.95,485.73,490.66,296750047
2020-03-10,498.76,513.23,482.05,484.7,254523124
2020-03-11,493.37,497.66,482.19,484.16,198835012
2020-03-12,460.95,463.54,428.09,432.1,316795437
2020-03-13,451.76,466.84,425.22,432.85,322543911
2020-03-16,409.05,421.36,389.6,416.77,266290333
2020-03-17,431.65,432,401.46,424.26,249103237
2020-03-18,410.85,415.85,398.04,404.1,220432538
2020-03-19,403.71,425.16,398.46,422.75,233952273
2020-03-20,440.1,449.08,429.69,431.98,420311512
2020-03-23,411.79,437.15,410.08,423.72,239295276
2020-03-24,441.27,461.73,437.54,461.73,223636736
2020-03-25,471.44,482.53,454.59,475.4,231737111
2020-03-26,463.04,482.99,458.63,482.99,178086935
2020-03-27,471.16,474.37,458.03,464.93,168796649
2020-03-30,465.75,476.12,455.03,475.98,154635120
2020-03-31,480.9,486.04,475.48,483.44,180925805
2020-04-01,468.99,475.59,465.29,471.3,171378760
2020-04-02,473.98,482.66,468.12,478.28,175468088
2020-04-03,475.21,477.13,469.67,471.46,145034983
2020-04-06,486.26,491.68,482.69,489.82,160451515
2020-04-07,503.97,508.56,494.11,499.85,170193176
2020-04-08,496.19,500.71,491.49,500.71,110399449
2020-04-09,506.55,511.93,499.05,508.04,164889143
2020-04-14,512.17,513.54,505.82,507.74,136514528
2020-04-15,506.41,506.78,489.38,491.13,150016887
2020-04-16,498.54,499.52,492.76,496.08,148052591
2020-04-17,509.76,511.89,504.22,505.82,156452075
2020-04-20,508.03,512.76,502.12,512.76,111512129
2020-04-21,506.06,506.92,495.62,495.76,130167835
2020-04-22,500.67,510.32,499.63,509.62,108351272
2020-04-23,509.93,517.35,504.92,512.73,118200200
2020-04-24,503.56,511.96,502.42,504.94,119262605
2020-04-27,513.04,514.66,509.6,512.19,92161223
2020-04-28,512.91,521.57,512.15,519.97,139089738
2020-04-29,519.89,527.55,518.5,526.96,129156715
2020-04-30,527.31,528.69,511.76,512.92,195572565
2020-05-04,496.54,498.81,490.79,496.31,177307291
2020-05-05,503.85,511.01,499.74,509.83,126447643
2020-05-06,509.24,510.87,505.15,505.55,115416612
2020-05-07,508.86,516.26,508.2,516.26,96260232
2020-05-08,520.3,521.61,517.37,520.57,85734606
2020-05-11,522.95,525.11,515.53,520.33,110573383
2020-05-12,517.77,523.64,517.38,520.44,139613272
2020-05-13,513.45,518.07,510.35,512.19,144261525
2020-05-14,504.24,506.38,492.42,499.03,174787229
2020-05-15,507.07,508.33,499.21,500.31,143606239
2020-05-18,509.19,521.41,508.76,519.89,148257992
2020-05-19,525.2,525.2,515,520.45,145493505
2020-05-20,517.73,531.31,517.52,531.06,111422114
2020-05-21,524.22,529.46,522.14,522.81,88447561
2020-05-22,515.03,525.1,514.32,524.38,105195921
2020-05-25,528.72,533.56,526.23,532.82,56793555
2020-05-26,538.4,538.65,529.72,531.3,122450923
2020-05-27,532.42,533.4,523.26,528.96,169157817
2020-05-28,532.21,539.62,531,538.62,127433389
2020-05-29,533.73,536.94,529.98,532.57,179738407
2020-06-01,540.47,540.61,532.89,539.54,91884159
2020-06-02,543.04,547.99,541.41,546.12,130018194
2020-06-03,551.69,562.46,551.54,561.3,159580770
2020-06-04,557.89,563.87,555.95,559.13,154319378
2020-06-05,563.86,573.46,562.8,572.8,194111936
2020-06-08,567.44,572.08,563.56,566.2,177277024
2020-06-09,568.53,569.62,558.42,561.75,166234312
2020-06-10,564.6,567.27,558.21,559.28,141828621
2020-06-11,549.58,551.46,540.26,540.26,179830987
2020-06-12,536.81,550.96,535.35,545.16,149419289
2020-06-15,534.08,543.89,529.78,541.92,134158101
2020-06-16,553.17,564.35,551.76,560.01,145974008
2020-06-17,560.67,568.66,560.43,566.48,127055761
2020-06-18,564.68,569.63,560.7,562.61,120256525
2020-06-19,566.52,570.47,565.95,567.83,234919680
2020-06-22,562.28,571.5,561.42,565.07,88819206
2020-06-23,568.95,576.45,568.79,574.19,111639639
2020-06-24,571.41,572.54,557.33,557.33,113318563
2020-06-25,555.93,562.21,549.88,560.41,107856757
2020-06-26,564.98,569.23,559,559.82,92256344
2020-06-29,558.55,563.22,556.07,560.16,95628139
2020-06-30,563.34,564.76,555.58,559.73,107846720
2020-07-01,561.01,564.57,553.91,562.67,102714157
2020-07-02,566.93,571.24,564.45,570.75,120861676
2020-07-03,572.47,574.01,566.92,568.63,63247424
2020-07-06,579.62,580.21,573.79,578.52,96929385
2020-07-07,576.97,577.1,572.27,575.52,83779660
2020-07-08,573.76,578.27,570.87,572.18,87700467
2020-07-09,574.92,576.05,566.71,567.38,83960843
2020-07-10,565.28,571.92,564.71,570.52,80387192
2020-07-13,578.26,579.27,573.55,578.85,75811848
2020-07-14,571.44,572.51,566.37,572.51,100295739
2020-07-15,577.67,582.43,575.25,577.56,97306026
2020-07-16,573.86,574.57,569.66,573.94,72736007
2020-07-17,575.45,575.97,572.27,573.8,75036908
2020-07-20,573.48,580.46,569.46,579.14,66022020
2020-07-21,584.04,587.03,580.42,581.29,100909977
2020-07-22,578.4,579.21,571.35,572.9,83265955
2020-07-23,578.41,580.74,574.98,576.67,79770034
2020-07-24,568.08,568.14,560.54,563.95,72827227
2020-07-27,561.6,566.73,560.19,564.37,75920862
2020-07-28,566.79,568.02,561.9,566.33,75754507
2020-07-29,563.2,566.82,563.11,564.11,71174274
2020-07-30,564.67,564.67,543.63,549.2,115327906
2020-07-31,551.14,556.89,545.29,545.29,95229612
2020-08-03,546.52,559.03,544.96,557.73,89067990
2020-08-04,561.03,563.1,554.65,557.94,77006299
2020-08-05,563.3,566.3,562.09,563.05,79449594
2020-08-06,560.21,563.98,557.09,558.46,90786330
2020-08-07,555.75,561.38,554.88,559.57,76869214
2020-08-10,560.34,561.63,555.49,557.08,76435737
2020-08-11,561.75,569.09,561.07,565.56,107035306
2020-08-12,564.67,575.71,564.67,575.06,104288520
2020-08-13,572.77,573.23,569.18,569.95,113942883
2020-08-14,568.51,568.86,557.27,560.84,88152962
2020-08-17,562.01,563.98,558.08,562.94,59124452
2020-08-18,561.65,565.54,557.74,559.44,68364834
2020-08-19,557.79,560.34,556.5,560.23,71441150
2020-08-20,552.68,555.39,550.39,552.44,69707889
2020-08-21,552.73,554.9,545.01,551.37,83665822
2020-08-24,557.29,563.74,557.29,560.99,70231784
2020-08-25,563,565.91,559.65,559.81,84854531
2020-08-26,559.73,566.26,558.28,566.23,65353889
2020-08-27,567.75,568.21,562.41,562.41,69850600
2020-08-28,563.65,563.65,555.39,556.8,74427151
2020-08-31,559.83,561.92,548.7,549.2,79687070
2020-09-01,552.78,556.47,547.43,552.22,83596567
2020-09-02,555.34,565.57,554.71,561.27,83608894
2020-09-03,565.45,568.08,546.8,549.6,98206013
2020-09-04,545.49,552.34,535.21,540.27,108816594
2020-09-07,541.17,547.86,541.15,547.14,58132834
2020-09-08,547.38,548.48,534.65,540.79,90747141
2020-09-09,541.88,553.13,541.74,552.05,91643520
2020-09-10,553.04,553.88,548.41,550.5,77427665
2020-09-11,550.06,554.68,548.76,552.01,72437890
2020-09-14,556.25,557.64,551.78,552.44,59876346
2020-09-15,553.28,557.6,551.43,555.95,74744757
2020-09-16,556.25,559.99,556.03,558.43,81897371
2020-09-17,550.17,553.99,548.27,552.48,91436632
2020-09-18,553.5,555.54,550.14,550.85,181265388
2020-09-21,546,546.37,533.22,536.01,137749835
2020-09-22,538.85,545.89,538.2,540.78,97427573
2020-09-23,546.55,550.72,544.72,545.68,88113515
2020-09-24,537.14,544.41,536.86,541.11,97044138
2020-09-25,542.87,544.41,535.12,540.91,85102247
2020-09-28,547.91,553.19,545.28,551.67,100535146
2020-09-29,552,552.09,548.37,548.92,78213725
2020-09-30,546.51,551.88,545.68,547.7,99739502
2020-10-01,551.17,553.44,547.83,550.54,106656383
2020-10-02,545.32,553.12,542.82,553.12,103390296
2020-10-05,557.61,559.65,555.44,557.92,90249075
2020-10-06,559.77,559.81,553.63,555.38,107462727
2020-10-07,554.24,556.19,551.72,554.6,92307519
2020-10-08,557.83,561.61,554.82,559.94,97981150
2020-10-09,561.17,567.79,560.98,567.17,111771983
2020-10-12,568.82,573.84,568.78,572.31,131979948
2020-10-13,572.62,575.52,569.24,572.47,100526651
2020-10-14,572.23,574.35,569.85,571.98,92905890
2020-10-15,564.33,564.97,557.76,560.47,106151723
2020-10-16,564.4,570.83,562.84,568.18,104020220
2020-10-19,572.06,574.24,563.91,567.52,25079912
2020-10-20,565.65,566.73,562.37,564,96797532
2020-10-21,566.31,566.4,556.44,557.4,88514459
2020-10-22,554.94,557.17,549.66,554.2,87377802
2020-10-23,552.53,558.33,551.39,554.34,88981779
2020-10-26,545.97,551.9,545.6,545.95,90731320
2020-10-27,547.97,547.97,542.07,545.65,114755124
2020-10-28,539.69,541.13,529.17,534.09,152130513
2020-10-29,534.62,538.23,527.86,534.43,121366712
2020-10-30,529.22,536.21,529.11,533.88,121144568
2020-11-02,535.41,545.27,533.39,543.91,110280676
2020-11-03,547.05,555.57,546.7,554.48,119704461
2020-11-04,548.48,565.66,547.6,565.26,134786876
2020-11-05,570.7,573.75,569.52,571.6,133726959
2020-11-06,569.45,574.64,565.64,572.9,98414700
2020-11-09,581.11,599.2,580.09,593.93,250151322
2020-11-10,590.37,594.82,588.95,591.87,223616490
2020-11-11,591.3,600.43,589.05,599.21,141139363
2020-11-12,595.32,603.44,594.83,600.05,165247290
2020-11-13,597.67,601.92,596.87,596.87,125117761
2020-11-16,602.06,604.19,597.6,601.67,153530911
2020-11-17,599.57,601.69,596.8,600.94,110992125
2020-11-18,598.36,603.77,597.61,600.88,101394267
2020-11-19,596,597.95,593.97,596.01,100730725
2020-11-20,595.69,601.66,595.12,601.62,86718856
2020-11-23,605.65,607.3,601.37,601.37,111277755
2020-11-24,607.47,608.26,604.47,607.46,155558398
2020-11-25,607.49,608.09,603.55,606.39,134203440
2020-11-26,608.28,610.13,607.1,607.39,69411823
2020-11-27,608.4,613.59,608.08,611.67,172510244
2020-11-30,609.21,615.11,606.02,606.02,143730204
2020-12-01,609,613.41,607.3,611.41,108105900
2020-12-02,608.76,612.32,607.73,610.94,99270500
2020-12-03,612.43,613.26,608.39,610.48,89303281
2020-12-04,611.53,615.67,610.07,615.67,99392238
2020-12-07,615.78,616.35,611.78,616.2,78637769
2020-12-08,615.37,618.36,613.75,616.59,80299449
2020-12-09,619.33,622.01,617.94,619.72,90968920
2020-12-10,619.39,621.62,614.09,618.1,113757133
2020-12-11,616.92,618.02,611.46,614.46,114408988
2020-12-14,617.99,619.56,612.88,612.88,91618450
2020-12-15,612.22,618.59,611.53,617.34,101999329
2020-12-16,620.99,623.61,618.11,621.86,113479603
2020-12-17,625.36,626.47,624.35,624.75,95630202
2020-12-18,623.69,628.89,623.17,625.25,188673727
2020-12-21,615.64,617.31,602.64,609.39,141963050
2020-12-22,611.87,618.86,611.83,617.5,66064347
2020-12-23,618.46,623.64,618.45,622.42,67600747
2020-12-24,623.92,626.46,623.62,626.37,23805326
2020-12-28,627.54,630.03,626.88,627.59,54837969
2020-12-29,629.17,633.12,628.4,629.14,55322673
2020-12-30,630.11,631.05,627.59,628.06,44560665
2020-12-31,625.19,628.05,623.94,624.61,25284788
2021-01-04,632.02,636.24,629.41,631.03,93088521
2021-01-05,629.94,634.11,628.98,633.62,102304390
2021-01-06,636.57,641.25,631.4,639.16,142636474
2021-01-07,641.28,642.39,635.96,637.41,108941310
2021-01-08,643.04,645.6,642.2,645.6,102332502
2021-01-11,645.16,646.92,639.52,642.42,85511894
2021-01-12,645.95,646.06,641.43,643.58,88753609
2021-01-13,644.24,645.42,641.44,644.38,87575936
2021-01-14,650.37,656.66,649.14,656.66,87978010
2021-01-15,654.39,655.24,647.54,651.73,113440411
2021-01-18,648.85,651.61,648.83,650.3,62060592
2021-01-19,654.55,654.55,649.13,651.28,77667866
2021-01-20,655.66,661.09,654.54,659.3,69071065
2021-01-21,663.46,666.66,662.48,663.88,68759661
2021-01-22,660.15,660.89,655.9,660.53,72275074
2021-01-25,666.94,667.85,655.16,658.24,96528462
2021-01-26,656.58,662.47,656.07,658.54,86085119
2021-01-27,654.34,656.36,642.09,647.92,136068185
2021-01-28,639.55,650.12,633.68,649,109858972
2021-01-29,641.33,644.94,637.11,637.11,102127576
2021-02-01,642.66,648.88,642.22,647.34,81309997
2021-02-02,651.34,654.58,650.88,652.87,93414564
2021-02-03,658.22,659.16,651.49,654.89,83806338
2021-02-04,652.53,655.8,651.61,654.38,92755625
2021-02-05,657.7,657.7,652.26,653.24,84299666
2021-02-08,657.73,658.25,654.38,656.39,82364050
2021-02-09,657.54,657.98,653.87,657.07,76150508
2021-02-10,660.5,663.23,654.49,657.23,103810951
2021-02-11,659.88,664.34,658.19,664.34,110866670
2021-02-12,665.16,677.24,665.16,676.83,135586137
2021-02-15,680.43,686.98,679.08,685.18,119790834
2021-02-16,686.94,689.24,685.76,687.43,90699897
2021-02-17,686.55,688.83,681.04,681.04,112902441
2021-02-18,681.44,683.51,670.41,672.81,99820515
2021-02-19,674.45,679.79,671.74,678.48,98478046
2021-02-22,672.16,673.13,666.09,671.75,96773295
2021-02-23,669.62,669.62,653.94,664.06,190977059
2021-02-24,662.43,666.59,659.56,664.54,112893726
2021-02-25,670.23,671.49,664.48,664.48,115300905
2021-02-26,651.21,658.23,647.9,651.26,133471840
2021-03-01,662.02,665.69,658.62,664.58,104055834
2021-03-02,662.36,668.24,660.27,663.26,103283644
2021-03-03,667.6,668.67,658.86,663.35,110831825
2021-03-04,656.88,661.36,652.17,657.67,110583295
2021-03-05,650.85,662.74,649.97,653.87,129276695
2021-03-08,657.96,667.53,655,665.65,128671607
2021-03-09,665.29,676.47,665.08,675.1,122072252
2021-03-10,675.3,681.38,673.26,678.03,111923422
2021-03-11,682.53,684.76,681.05,683.71,113178714
2021-03-12,679.8,679.89,675.47,677.41,91451651
2021-03-15,678.43,681.54,676.14,678.8,93648018
2021-03-16,682.74,684.45,679.65,683.65,106797156
2021-03-17,682.22,684.4,679.11,680.71,92180626
2021-03-18,684.05,684.46,680.16,682.39,107961637
2021-03-19,675.89,683.43,675.89,681.7,259365619
2021-03-22,678.38,684.23,677.86,684.21,88568979
2021-03-23,681.19,684.29,679.48,681.74,116222521
2021-03-24,682.59,687.96,681.62,686.13,95678167
2021-03-25,684.32,686.48,677.33,685.33,83589930
2021-03-26,690.69,697.94,689.68,696.62,83307713
2021-03-29,697.94,700.85,696.92,697.94,77758597
2021-03-30,700.82,702.44,696.96,701.12,75420538
2021-03-31,700.81,704.25,699.69,699.85,86112162
2021-04-01,707.05,710.95,704.53,708.43,64938795
2021-04-06,716.81,717.69,711.91,713.28,81348846
2021-04-07,711.9,712.85,709.63,710.08,73870761
2021-04-08,713.46,713.97,710.7,713.38,118023274
2021-04-09,713.46,714.11,711.6,713.36,84824993
2021-04-12,711.94,713.48,706.7,707.35,68586675
2021-04-13,709.1,710.85,706.1,708.6,69619754
2021-04-14,708.83,713.31,708.44,712.55,70170855
2021-04-15,713.21,714.98,712.37,713.8,71138299
2021-04-16,714.48,716.8,712.57,716.8,80703748
2021-04-19,717.05,718.5,710.62,711.94,60081256
2021-04-20,710.88,713.38,699.06,700.19,83348299
2021-04-21,707.16,710.62,704.63,709.36,99902504
2021-04-22,712.58,714.62,710.35,712.94,85577892
2021-04-23,710.48,715.77,709.44,715.77,74965113
2021-04-26,714.98,716.69,711.57,715.46,78457480
2021-04-27,715.41,715.56,709.72,712.22,70284620
2021-04-28,713.63,714.2,710.49,711.84,68749217
2021-04-29,715.78,719.26,709.97,710.47,93497714
2021-04-30,710.58,711.82,705.87,707.56,80763211
2021-05-03,709.93,713.11,705.99,712.13,86690887
2021-05-04,714.02,714.25,695.71,696.98,90912214
2021-05-05,703.78,714.42,702.92,714.14,98694906
2021-05-06,714.59,715.92,707.58,712.46,83046021
2021-05-07,717.32,719.29,712.5,718.41,81849416
2021-05-10,718.48,718.48,710.83,711.91,76890898
2021-05-11,700.61,702.08,689.51,695.94,89938822
2021-05-12,696.51,698.99,692.53,694.76,95338949
2021-05-13,686.86,696.53,677.88,694.22,83556753
2021-05-14,700.29,703.33,695.65,703.33,74414741
2021-05-17,704.82,705.83,699.79,703.22,66513823
2021-05-18,709.4,710.15,704.93,705.01,73370509
2021-05-19,697.34,697.83,685.97,693.72,90933049
2021-05-20,697.4,704.29,693.22,704.09,64396149
2021-05-21,705.77,710.01,702.92,706.96,79700866
2021-05-24,707.91,710.66,706.07,710.46,35804147
2021-05-25,713.79,715.74,712.25,712.25,66806136
2021-05-26,714.32,715.52,710.09,711.17,71560139
2021-05-27,708.88,711.35,706.14,708.36,130084455
2021-05-28,709.41,715.32,709.41,713.28,68000928
2021-05-31,712.54,714.57,709.02,709.36,32325742
2021-06-01,712.81,722.07,712.81,715.94,65247668
2021-06-02,715.93,719.05,715.56,718.93,64013116
2021-06-03,718.24,718.38,712.42,717.08,50770088
2021-06-04,717.15,720.88,716.09,720.18,64027329
2021-06-07,719.87,721.31,716.08,718.61,49054315
2021-06-08,719.31,723.04,718,719.43,102721102
2021-06-09,719.89,723.25,718.7,722.71,75695554
2021-06-10,723.66,727.14,721.43,725.45,79167093
2021-06-11,726.7,729,724.99,728.48,61810929
2021-06-14,730.98,734.64,728.4,730.1,72315427
2021-06-15,733.97,734.64,730.85,730.98,70841352
2021-06-16,732.68,734.87,731.12,733.5,62939715
2021-06-17,728.75,736.07,728.47,734.89,80845685
2021-06-18,733.17,735.63,717.81,719.63,157825178
2021-06-21,715.16,724.25,713.94,723.77,77068872
2021-06-22,724.35,729.76,721.87,728.59,71572191
2021-06-23,731.57,732.18,725.05,725.05,68372083
2021-06-24,728.08,733.74,727.03,732.7,68378447
2021-06-25,734.01,734.92,731.29,733.14,56884605
2021-06-28,730.41,734.69,729.09,730.86,57225519
2021-06-29,731.47,736.33,731.14,734.19,57553077
2021-06-30,734.5,735.63,726.85,729.52,75128021
2021-07-01,734.71,738.1,726.22,731.33,71669756
2021-07-02,734.08,736.35,731.79,733.55,54350813
2021-07-05,732.17,735.3,730,733.99,44232332
2021-07-06,733.25,735.8,729.19,731.48,70974458
2021-07-07,733.99,737.95,733.7,737.64,73031830
2021-07-08,732.6,733.01,718.21,723.11,84797000
2021-07-09,726.94,732.15,725.53,732.15,69597448
2021-07-12,731.92,739.4,730.19,738.44,53875854
2021-07-13,741.22,742.86,738.94,742.86,56916990
2021-07-14,740.96,747.35,740.85,744.95,53892457
2021-07-15,741.09,744.53,738.2,739.42,59311081
2021-07-16,740.37,740.56,734.19,736.52,74511005
2021-07-19,729.62,729.8,716.23,721.09,89055560
2021-07-20,723.53,727.84,716.98,722.03,73110489
2021-07-21,728.24,735.11,728.23,733.74,68378230
2021-07-22,735.88,741.13,734.97,739.03,59063983
2021-07-23,741.61,749.78,739.58,749.42,55710440
2021-07-26,744.36,746.64,742.52,745.1,72217561
2021-07-27,740.72,741.94,735.67,737.24,72807369
2021-07-28,739.19,747.82,738.56,747.66,63550769
2021-07-29,750.96,758.58,750.91,758.08,84110657
2021-07-30,752.16,759.35,751.37,754.31,78418166
2021-08-02,760.48,762.19,754.87,758.22,64647836
2021-08-03,755.81,760.75,754.46,760.08,67928981
2021-08-04,763.66,767.39,763.06,766.24,63022340
2021-08-05,763.86,771.56,763.86,768.23,61181247
2021-08-06,768.03,769.51,766.87,767.82,72082658
2021-08-09,766.7,772.93,766.7,771.8,55853251
2021-08-10,773.54,777.26,773.2,775.12,68616592
2021-08-11,776.6,778.73,774.18,775.84,70087474
2021-08-12,775.16,778.96,773.95,775.24,95677855
2021-08-13,773.85,775.5,771.94,774.83,66620937
2021-08-16,769.64,772.49,767.14,769.78,69526581
2021-08-17,766.93,772.08,764.65,770.79,118165231
2021-08-18,770.98,773.01,768.9,771.48,68975433
2021-08-19,761.22,766.27,755.33,765.83,94187971
2021-08-20,766.09,772.92,763.34,771.41,58338603
2021-08-23,777.14,780.86,773.24,780.28,56776909
2021-08-24,785.02,785.61,780.55,783.15,58811283
2021-08-25,783.56,785.46,781.24,781.93,58141070
2021-08-26,778.19,781.94,776.19,780.31,55864646
2021-08-27,780.41,787.33,779.85,787.04,50921430
2021-08-30,788.32,790.23,787.88,789.14,38409268
2021-08-31,791.27,792.54,784.9,787.62,83216736
2021-09-01,793.39,793.91,787.75,790,68136170
2021-09-02,789.11,793.76,787.63,793.32,56762030
2021-09-03,793.23,794.1,784.81,789.55,54211704
2021-09-06,792.79,799.56,792.79,798.55,55552437
2021-09-07,798.05,799.51,793.64,794.73,70473796
2021-09-08,789.83,791.92,784.35,789,69264493
2021-09-09,785.11,791.18,782.21,787.17,70552864
2021-09-10,790.29,794.06,786.84,788.49,64551930
2021-09-13,789.49,794.88,789.49,791.45,63690936
2021-09-14,792.65,798.04,789.57,797.71,63013644
2021-09-15,798.76,800.34,794.1,794.19,79005615
2021-09-16,797.1,800.41,796.72,798.15,77307266
2021-09-17,803.67,804.47,788.03,789.49,145849194
2021-09-20,779.8,781.38,773.24,778.28,102901674
2021-09-21,781.98,789.97,781.98,786.31,80347093
2021-09-22,790.25,792.95,786.85,792.4,66016536
2021-09-23,799.15,803.11,797.93,800.61,68138769
2021-09-24,797.76,798.19,790.63,791.45,68500179
2021-09-27,798.49,798.67,787.09,788.67,88162741
2021-09-28,787.02,788.28,772.45,773.71,109188267
2021-09-29,775.68,783.79,774.83,775.84,85309600
2021-09-30,782.67,785.18,771.79,771.94,106180379
2021-10-01,761.82,771.19,761.82,766.69,91180980
2021-10-04,762.26,765.96,756.54,757.2,78336379
2021-10-05,758.84,771.61,758.84,771.19,83569383
2021-10-06,763.49,764.09,751.06,761.22,95095911
2021-10-07,771.18,777.85,767.64,777.18,88258277
2021-10-08,777.45,777.5,772.05,772.05,73272699
2021-10-11,771.58,775.33,768.22,773.79,67824988
2021-10-12,763.89,773.85,763.24,771.47,70079447
2021-10-13,769.59,778.91,767.52,777.52,80844832
2021-10-14,785.08,791.56,784,790.84,74673117
2021-10-15,796.64,801.03,792.33,800.41,91009044
2021-10-18,797.04,798.48,792.59,796.74,62884016
2021-10-19,800,803.24,798.37,802.49,60273381
2021-10-20,798.73,808.36,798.73,805.47,69280755
2021-10-21,801.23,809.68,800.87,807.64,64102507
2021-10-22,812.5,816.97,810.92,812.97,64102603
2021-10-25,815.52,816.75,812.07,813.02,62456540
2021-10-26,813.44,818.31,813.09,816.91,76575405
2021-10-27,816.03,818.27,813.92,815.29,79818559
2021-10-28,812.81,815.95,810.45,812.23,88451844
2021-10-29,804.46,811.53,801.26,810.91,86464231
2021-11-01,815.25,815.63,808.3,811.74,68842789
2021-11-02,809.21,812.53,808.42,812.29,68359227
2021-11-03,811.28,816.07,811.28,816.01,63223843
2021-11-04,820.71,822.34,818.04,820.38,82041979
2021-11-05,820.15,824.72,819.05,819.72,72958369
2021-11-08,818.22,820.88,817.48,817.59,59017909
2021-11-09,815.27,818.12,813.1,815.17,61109922
2021-11-10,817.08,819.8,808.8,814.63,76326346
2021-11-11,812.22,816.35,809.04,816.35,64379105
2021-11-12,815.38,820.3,813.06,820.3,60731688
2021-11-15,820.92,823.21,817.8,823.21,71161941
2021-11-16,825.71,828.01,822.66,826.5,71592011
2021-11-17,827.38,829.35,825.82,827.57,63811128
2021-11-18,826.22,829.66,823.44,825.06,70373219
2021-11-19,825.28,828,820.45,821.8,116750826
2021-11-22,824.25,825.38,815.34,815.34,95695724
2021-11-23,807.5,810.11,801.5,802.24,77108513
2021-11-24,804.98,807.29,795.28,802.96,91727458
2021-11-25,806.92,808.91,803.78,807.55,53564553
2021-11-26,782.27,793,779.7,781.63,155738789
2021-11-29,791.63,793.76,786.38,787.01,100922643
2021-11-30,778.57,786.84,774.31,777.39,154426815
2021-12-01,783.84,792.16,779.62,790.7,90805862
2021-12-02,779.79,783.75,773.37,778.8,90849404
2021-12-03,784.8,785.1,769.14,772.22,84304522
2021-12-06,778.23,780.44,770.88,778.43,85021942
2021-12-07,789.95,806.13,789.63,805.78,86589751
2021-12-08,805.07,809.16,797.72,797.72,74809891
2021-12-09,800.23,800.83,790.93,791.91,59575237
2021-12-10,786.05,793.73,786.05,788.01,48493189
2021-12-13,791.41,796.23,782.47,783,63211783
2021-12-14,786.61,788.08,775.31,775.75,78639361
2021-12-15,778.35,780.44,774.54,775.46,69288965
2021-12-16,791.11,793.06,781.59,781.59,79036742
2021-12-17,776.58,778,765.56,771.7,144384308
2021-12-20,757.25,765.51,755.57,763.03,83406974
2021-12-21,771.54,775.97,768.74,774.95,73674048
2021-12-22,777.63,782.08,773.95,782.08,50565328
2021-12-23,787.55,793.2,784.37,792.3,61735095
2021-12-24,791.84,793.34,790.48,790.48,13808816
2021-12-27,788.84,798.51,788.4,797.3,31993201
2021-12-28,796.99,803.59,796.61,800.95,38259037
2021-12-29,801.5,802.28,793.56,796.12,39684083
2021-12-30,797.68,800.83,797.13,800.25,32330304
2021-12-31,799.65,800.66,796.59,797.93,15655276
2022-01-03,802.5,805.85,800.62,803.31,47969535
2022-01-04,808.76,812.55,802.28,804.28,75423961
2022-01-05,802.5,805.66,799.58,800.75,65149727
2022-01-06,786.92,789.28,779.84,785.9,67480612
2022-01-07,788.95,789.94,783.63,788.43,70801621
2022-01-10,792.1,792.42,770.31,773.13,72339374
2022-01-11,781.89,783.73,777.36,782.35,65652396
2022-01-12,788.66,794.13,785.6,790.44,98732433
2022-01-13,789.74,796.12,788.46,791.33,79883683
2022-01-14,783.14,788.33,781.11,783.53,77065561
2022-01-17,782.02,784.32,775.08,781.32,61915290
2022-01-18,776.57,776.89,766.09,769.7,84506191
2022-01-19,763.02,779.94,761.84,772.56,94543170
2022-01-20,776.09,778.26,770.77,778.26,76859375
2022-01-21,763.77,768.71,755.92,763.7,99613927
2022-01-24,761.04,764.82,734.71,738.66,126311330
2022-01-25,746.62,747.05,734.42,739.86,100782443
2022-01-26,746.34,756.86,746.34,752.43,88934991
2022-01-27,737.36,758.87,737.36,753.79,97800239
2022-01-28,749.21,749.87,734.54,744.26,116589244
2022-01-31,754.33,759.11,749.23,755.2,91185509
2022-02-01,761.91,765.64,759.03,765.22,83443626
2022-02-02,768.76,772.23,765.56,765.56,91689778
2022-02-03,763.9,764.06,748.8,748.81,109438751
2022-02-04,753.74,756.25,742.01,747.17,91171678
2022-02-07,750.23,758.32,746.02,755.69,76194998
2022-02-08,755.24,757.89,750.7,755.79,96013303
2022-02-09,765.51,771.64,763.88,769.94,109913972
2022-02-10,765.79,770.23,758.84,762.65,95667166
2022-02-11,754.02,764.65,754.02,761.5,84131098
2022-02-14,748.96,749.39,737.98,747.89,107641331
2022-02-15,745.49,755.98,745.4,755.22,85744307
2022-02-16,757.43,763.02,754.53,758.92,74684815
2022-02-17,759.48,760.76,748.23,751.2,75046035
2022-02-18,751.27,752.77,742.84,744.89,79609388
2022-02-21,747.27,747.27,725.36,729.73,65459538
2022-02-22,714.76,737.2,714.76,731.96,98312907
2022-02-23,734.18,741.02,726.63,727.91,78330665
2022-02-24,701.84,713.32,699.99,708.55,174618327
2022-02-25,714.29,728.75,708.25,727.85,138566374
2022-02-28,716.76,730.93,712.76,729.72,155457190
2022-03-01,728.52,731.06,713.46,713.46,139737978
2022-03-02,711.54,726.27,709.44,721,153844813
2022-03-03,721.19,726.34,703.78,705.42,119030409
2022-03-04,700.14,701.55,671.68,671.73,146211202
2022-03-07,660.35,681.34,653.09,669.04,189656515
2022-03-08,660.73,676.94,652.8,656.74,158394950
2022-03-09,670.48,688.33,668.44,688.33,153394550
2022-03-10,687.23,687.32,670.05,671.85,125374053
2022-03-11,673.04,688.28,665.15,674.8,131246687
2022-03-14,677.24,681.85,670.81,674.3,106444785
2022-03-15,666.22,677.33,660,676.38,105710414
2022-03-16,688.25,707.22,686.32,703.52,130847168
2022-03-17,708.74,710.53,700.61,707.45,93160473
2022-03-18,709.95,716.47,699.86,716.36,157849396
2022-03-21,715.42,721.09,714.46,718.37,76082550
2022-03-22,722.19,730,720.88,728.27,84912909
2022-03-23,730.84,732.23,718.35,721.81,94836131
2022-03-24,722.09,723.92,718.25,720.85,76010281
2022-03-25,721.15,728.85,717.92,723.9,71449235
2022-03-28,724.36,729.96,720.36,720.36,80296107
2022-03-29,729.6,739.27,728.96,735.15,107269131
2022-03-30,735.53,735.53,730.64,733.88,73575415
2022-03-31,732.59,735.59,724.2,724.2,78129420
2022-04-01,725.99,731.63,723.32,728,68563907
2022-04-04,732.18,739.22,728.31,737.8,64635868
2022-04-05,741.31,743.05,732.94,736.02,77323371
2022-04-06,734.18,734.46,715.37,719.67,89692004
2022-04-07,722.07,727.33,715.03,716.53,73471581
2022-04-08,725.35,727.26,721.26,724.75,73996837
2022-04-11,717.75,721.06,713.24,714.74,74517032
2022-04-12,708.33,718.69,705.03,716.38,83381543
2022-04-13,713.23,718.07,711.61,718.07,68376973
2022-04-14,719.66,723.55,717.02,719.7,86307844
2022-04-19,716.37,719.83,707.89,716.57,84097346
2022-04-20,721.74,730.77,717.32,725.61,94621638
2022-04-21,727.21,732.58,726,729.05,82048895
2022-04-22,718.55,723.78,716.8,717.26,77025048
2022-04-25,700.95,708.39,696.33,699.17,95728404
2022-04-26,711.24,711.38,694.22,695.57,87757716
2022-04-27,693.75,699.65,687.74,696.35,91024760
2022-04-28,704.01,707.64,699.42,705.93,81362771
2022-04-29,712.39,719.1,709.04,710.98,84537251
2022-05-02,702.52,703.03,681.1,694.44,70561013
2022-05-03,701.74,706,699.3,705.95,75471073
2022-05-04,706.99,707.16,698.68,698.68,67541216
2022-05-05,713.4,714.7,694.4,696.19,86993815
2022-05-06,692.28,692.56,675.96,682.19,92091102
2022-05-09,677.82,684.11,666.17,666.17,80746459
2022-05-10,671.86,679.59,669.59,669.74,82475611
2022-05-11,675.36,683.61,666.96,682.7,99145986
2022-05-12,663.69,680.06,662.22,675.09,99742566
2022-05-13,682.37,694.68,680.7,694.13,83750526
2022-05-16,690.08,696.34,687.64,694.62,69232155
2022-05-17,699.82,707.21,698.29,702.58,85478015
2022-05-18,703.23,703.75,692.45,693.03,79932631
2022-05-19,681.65,684.86,669.42,678.35,79152388
2022-05-20,681.29,692.19,681.2,682.96,74793923
2022-05-23,692.22,694.02,685.11,694.02,70692682
2022-05-24,685.47,688.56,679.7,679.88,69070554
2022-05-25,684.83,686.43,677.59,684.11,66787201
2022-05-26,684.54,694.18,684.36,692.8,53353559
2022-05-27,694.97,702.28,693.06,702.28,65759220
2022-05-30,707.49,711.67,706.86,708.34,58672897
2022-05-31,714.4,719,711.45,712.88,156382570
2022-06-01,714.87,714.87,700.07,701.19,72817434
2022-06-02,703.15,705.17,699.37,703.44,54267198
2022-06-03,707.36,707.79,699.83,700.69,45053956
2022-06-06,705.73,716.13,705.65,711.82,55353179
2022-06-07,708.52,710.2,703.44,709.14,66065128
2022-06-08,714.01,714.01,706.4,710.99,73576685
2022-06-09,706.28,712.44,699.58,699.58,71882816
2022-06-10,694.61,695.67,680.99,681.97,89456882
2022-06-13,670.76,671.85,658.95,661.54,101993644
2022-06-14,667.68,668.75,652.87,652.87,90555020
2022-06-15,656.56,665.27,650.27,663.21,86937693
2022-06-16,658.38,660.42,636.5,638.34,94909739
2022-06-17,637.21,646.18,633.44,635.75,162105949
2022-06-20,636.75,641.43,633.39,641.43,54727771
2022-06-21,645.42,651.2,644.82,648.03,56957988
2022-06-22,638.16,644.46,633.72,641.87,79358976
2022-06-23,637.22,643.22,632.02,635.93,81656417
2022-06-24,638.82,660.88,638.26,660.32,80465100
2022-06-27,662.21,676.07,661.42,670.53,71845499
2022-06-28,674.34,676.11,668.83,669.01,75438758
2022-06-29,664.09,669.36,660.07,666.57,74450565
2022-06-30,657.26,660.85,652.5,659.23,92618638
2022-07-01,651.22,661,648.7,655.68,75183536
2022-07-04,659.14,661.57,656.1,659.61,50690327
2022-07-05,662.79,664.06,643.6,644.22,96403234
2022-07-06,655.27,661.51,652.94,656.71,94628293
2022-07-07,665.48,672.38,663.12,671.42,100340751
2022-07-08,671.65,675.15,665.73,674.22,71741022
2022-07-11,663.96,673.37,662.79,669.17,53115526
2022-07-12,664.88,672.08,660.7,670.68,75766514
2022-07-13,670.3,670.63,656.66,665.91,77314214
2022-07-14,666.38,668.46,654.62,659.71,73080075
2022-07-15,662.52,672.63,660.17,671.92,77716861
2022-07-18,678.68,683.57,676.92,681.1,65445392
2022-07-19,674.24,691.06,673.35,689.47,67573638
2022-07-20,688.74,695.27,685.89,694.41,74158704
2022-07-21,694.49,704.61,694.16,704.61,81948367
2022-07-22,704.18,711,702.77,705.04,69411972
2022-07-25,702.79,707.08,699.47,707.01,72232392
2022-07-26,708.68,712.19,705.21,706.26,68895691
2022-07-27,711.05,716.64,709.91,713.53,70718698
2022-07-28,718.62,722.38,713.52,722.38,89962680
2022-07-29,722.73,732.58,722.54,729.44,100040677
2022-08-01,728.68,732.41,725.31,728.18,73436564
2022-08-02,726.88,727.02,720.86,725.75,72273109
2022-08-03,726.7,735.02,725.01,734.53,71689442
2022-08-04,732.56,736.34,729.72,731.58,80243729
2022-08-05,730.29,732.19,720.49,722.74,74850976
2022-08-08,728.21,733.28,725.83,727.87,60045670
2022-08-09,727.1,728.18,716.48,716.93,60937114
2022-08-10,712.82,725.22,712.67,724.27,74550459
2022-08-11,728.54,729.85,723.21,725.79,80922270
2022-08-12,723.66,726.59,720.21,725.76,68656031
2022-08-15,729.67,730.39,722.05,728.88,52007637
2022-08-16,731.43,732.29,725.47,728.11,67958037
2022-08-17,730.58,730.62,722.46,723.09,56411421
2022-08-18,719.03,726.11,716.04,725.86,55785696
2022-08-19,722.17,728.19,719.07,719.52,75472959
2022-08-22,714.07,717.02,708.56,711.04,68701273
2022-08-23,706.89,712.52,706.89,710.87,61074523
2022-08-24,708.23,714.72,705.12,713.81,56451717
2022-08-25,717.72,720.56,713.14,718.25,51976091
2022-08-26,720.32,722.57,703.36,705.08,65053591
2022-08-29,695.97,701.33,692.93,698.33,54443568
2022-08-30,700.58,707.69,687.32,690.31,66826379
2022-08-31,695.93,697.22,680.31,680.31,104463731
2022-09-01,674.96,675.68,664.89,666.94,67872142
2022-09-02,673.19,679.66,668.42,678.57,70251879
2022-09-05,668.71,675.45,664.51,674.12,58837464
2022-09-06,672.58,678.82,668.54,675.27,57873099
2022-09-07,667.65,672.9,664.87,671.27,63426698
2022-09-08,673.65,675.76,663.63,674.4,68485995
2022-09-09,675.96,688.42,675.96,685.97,68560839
2022-09-12,687.82,699.21,686.83,696.87,75071459
2022-09-13,698.68,703.39,684.23,684.23,82711949
2022-09-14,679.48,684.73,675.72,680.86,73559765
2022-09-15,680.45,684.93,672.98,674.74,86772357
2022-09-16,668.99,670.11,663.48,664.83,162142542
2022-09-19,661.78,668.12,657.04,665.43,48188535
2022-09-20,667.14,672.66,660.09,661.61,75288685
2022-09-21,657.79,671.03,657.43,669.79,60416041
2022-09-22,658.76,670.41,657.37,657.4,62695535
2022-09-23,654.21,654.54,637.36,639.28,87457168
2022-09-26,638.14,647.79,635.7,640.41,77770907
2022-09-27,645.57,650.99,642.72,642.72,78234097
2022-09-28,633.66,642.18,627.35,641.09,92737859
2022-09-29,639.28,639.28,628.83,633.55,86883648
2022-09-30,636.24,642.36,633.76,640.62,85739747
2022-10-03,633.48,646.97,630.85,645.8,70620407
2022-10-04,653.15,669.59,653.15,669.59,80921071
2022-10-05,666.61,669.76,661.37,664.45,70109923
2022-10-06,667.21,668.68,659.1,661.38,70243002
2022-10-07,655.87,660.32,646.81,647.11,68906915
2022-10-10,640.42,649.8,640,641.21,57199696
2022-10-11,636.6,640.53,631.23,636.31,72751815
2022-10-12,633.29,638.18,627.08,631.18,78018937
2022-10-13,627.26,633.9,611.74,633.01,90713961
2022-10-14,640.88,644.78,629.72,630.58,84476347
2022-10-17,631.81,643.83,628.18,640.95,58026607
2022-10-18,645.28,650.51,642.3,642.48,66929060
2022-10-19,647.82,649.3,641.14,645.39,60426549
2022-10-20,643.67,653.01,641.83,652.04,66628494
2022-10-21,647.06,654.95,641.22,652.46,77598429
2022-10-24,653.19,658.22,647.34,653.54,80223826
2022-10-25,658.17,666.54,654.9,666.21,72951871
2022-10-26,661.29,666.66,654.24,665.63,81695273
2022-10-27,664.93,671.38,661.89,669.4,100958865
2022-10-28,659.71,668.37,657.37,667.52,69898992
2022-10-31,671.52,673.18,667.28,670.62,68992294
2022-11-01,675.28,680,672.68,673.32,68153311
2022-11-02,673.5,677.2,667.13,667.24,70250264
2022-11-03,658.9,662.47,654.83,661.18,89865762
2022-11-04,664.18,676.88,663.58,671.88,90172907
2022-11-07,668.83,677.51,668.64,676.06,66001074
2022-11-08,674.14,684.28,673.29,683.96,68978304
2022-11-09,680.51,682.15,674.31,677.26,67839048
2022-11-10,670.57,701.68,670.33,700.65,100727343
2022-11-11,707.79,710.12,700.39,702.91,100905834
2022-11-14,706.44,710.6,703.88,706.67,72933294
2022-11-15,710.44,718.45,709.85,716.43,79600166
2022-11-16,716.19,717.99,707.82,709.11,76747914
2022-11-17,710.59,711.1,700.94,708.38,62937806
2022-11-18,710.73,716.96,708.16,712.55,79999513
2022-11-21,711.72,712.72,708.63,710.38,64892560
2022-11-22,711.14,717.31,706.84,716.33,68300246
2022-11-23,718.93,722.69,716.35,721.45,60031604
2022-11-24,720.01,726.46,720.01,722.74,50024049
2022-11-25,721.31,725.8,721.12,722.93,50404555
2022-11-28,716.73,721.84,715.17,720.51,62186257
2022-11-29,723.76,726.2,716.88,717.74,72565307
2022-11-30,721.67,726.07,720.24,724.1,148267986
2022-12-01,731.73,734.56,728.76,731.74,81821037
2022-12-02,728.85,732.89,722.82,731.04,76554988
2022-12-05,730.46,731.04,726.46,727.09,65112309
2022-12-06,725.84,728.56,720.66,723.68,63962754
2022-12-07,719.7,722.81,715.96,718.34,69014045
2022-12-08,719.26,721.83,715.62,719.83,62303985
2022-12-09,722.84,725.59,718.58,724.17,61907052
2022-12-12,719.2,722.23,718.12,720.69,54913610
2022-12-13,724.76,741.09,721.52,732.95,78311813
2022-12-14,729.85,732.13,727.72,730.87,65445998
2022-12-15,723.26,725,707.14,707.6,87924702
2022-12-16,705.35,707.22,697.17,700,142179167
2022-12-19,702.82,706.31,700.68,700.71,61937945
2022-12-20,694.34,700.32,692.79,697.25,64736451
2022-12-21,699.71,710.07,698.76,709.58,62980946
2022-12-22,711.35,713.02,699.28,700.4,53498964
2022-12-23,700.79,703.65,697.59,701.06,41904260
2022-12-27,705.72,707,699.61,701.06,31640215
2022-12-28,700.68,701.7,694.66,694.84,42333252
2022-12-29,694.09,701.41,691.6,701.01,37666238
2022-12-30,697.75,697.75,688.24,689.01,37402697
2023-01-02,697.11,701.53,694.63,701.16,35557976
2023-01-03,702.49,715.04,702.49,707.63,64200801
2023-01-04,709.96,719.16,709.96,717.51,75618621
2023-01-05,715.92,718.51,712.74,714.32,60100138
2023-01-06,715.92,725.14,712.16,724.26,54897887
2023-01-09,730.6,737.78,728.19,736.18,59450927
2023-01-10,730.41,735.33,730.41,733.03,51011275
2023-01-11,734.88,741.09,734.53,738.83,62504290
2023-01-12,738.29,746.24,737.84,741.9,80381009
2023-01-13,744.99,750.41,743.84,748.04,63519720
2023-01-16,748.94,749.45,746.23,748.35,40476577
2023-01-17,745.87,751.74,742.86,748.81,67199878
2023-01-18,750.99,755.55,748.61,749.12,68593494
2023-01-19,744.22,746.04,735.68,735.68,66405053
2023-01-20,738.2,739.05,735.34,738.64,51205025
2023-01-23,741.04,749.15,740.43,747.87,46822529
2023-01-24,750.04,750.71,742.99,746.4,61591513
2023-01-25,744.62,745.56,735,741.34,55148673
2023-01-26,747.11,750.69,744.67,747.21,59163512
2023-01-27,749.31,751.99,747.07,750.67,56884519
2023-01-30,743.09,744.97,738.03,744.83,64569988
2023-01-31,742.16,745.82,736.75,745.19,73305983
2023-02-01,747.15,750.4,745.18,747.68,67194302
2023-02-02,751.89,762.09,751.86,758.61,100637373
2023-02-03,756.63,763.86,755.67,763.86,79349556
2023-02-06,758.71,759.02,749.58,752.4,58989011
2023-02-07,752.79,754.46,749.34,753.09,61872370
2023-02-08,756.41,756.99,748.4,748.4,66566015
2023-02-09,753.71,760.87,753.62,757.05,89705933
2023-02-10,752.47,756.01,747.76,752.22,78336845
2023-02-13,753.22,763.17,753.02,762.64,45559867
2023-02-14,764.21,770.8,761.21,762.97,68507581
2023-02-15,762.82,769.73,762.37,769.73,57830484
2023-02-16,773.94,777.58,766.62,771.69,65147689
2023-02-17,763.3,768.03,759.66,765.04,78234969
2023-02-20,765.63,765.97,761.09,762.63,39061417
2023-02-21,758.63,760.2,752.33,757.66,57198605
2023-02-22,755.77,758.32,751.51,756.63,66416298
2023-02-23,759.33,761.55,755.72,755.72,65072102
2023-02-24,759.3,759.79,746.41,746.41,65623004
2023-02-27,752.59,760.2,752.59,756.99,56766017
2023-02-28,754.18,758.33,751.24,752.93,85810110
2023-03-01,756.2,759.04,748.53,749.38,57950850
2023-03-02,745.71,755.17,743.9,755.17,58276575
2023-03-03,759.54,761.82,757.62,760.57,56109850
2023-03-06,763.16,763.41,757.74,759.83,45425100
2023-03-07,756.4,759.77,751.02,751.52,53373128
2023-03-08,748.6,754.2,748.48,753.35,60565257
2023-03-09,751.25,755.64,746.57,753.2,49397656
2023-03-10,742,747.53,737.54,743.03,87477412
2023-03-13,742.28,742.44,720.39,727.25,118370410
2023-03-14,728.74,739.41,724.88,737.52,92029437
2023-03-15,735.5,736.1,715.05,716.47,146752076
2023-03-16,726.24,729.1,711.81,727.06,122967991
2023-03-17,733.13,738.74,718.73,722.43,207723383
2023-03-20,718.14,732.24,710.89,729.05,129059799
2023-03-21,734.18,742.1,733.8,736.18,87186533
2023-03-22,737.28,744.7,736.09,741.8,78773869
2023-03-23,740.15,745.63,736.45,743.59,70506485
2023-03-24,742.03,742.03,727.93,731.81,114498319
2023-03-27,738.61,740.05,733.53,735.91,74745253
2023-03-28,740.72,741.85,731.72,733.81,64998231
2023-03-29,739.3,745.79,738.75,745.54,64641297
2023-03-30,747.9,753.67,747.9,752.46,67934722
2023-03-31,752.54,757.73,751.23,756.18,67867177
2023-04-03,758.91,761.27,757.33,758.41,69244361
2023-04-04,762.09,765.46,758.33,758.36,66425855
2023-04-05,756.86,757.88,753.27,755.76,57292600
2023-04-06,757.45,760.97,756.72,759.84,62161855
2023-04-11,764.75,765.76,762.57,763.32,58942007
2023-04-12,761.77,769.14,758.23,759.54,62423494
2023-04-13,758.35,761.02,757.02,760.57,53685273
2023-04-14,760.06,763.51,758.55,761.4,69864236
2023-04-17,761.18,763.36,758.28,758.5,68065509
2023-04-18,759.27,765.16,758.99,763.15,59776270
2023-04-19,759.99,761.16,757.25,760.22,59583129
2023-04-20,761.69,761.98,756.42,761.1,56421037
2023-04-21,760.54,763.4,758.65,762.19,74432599
2023-04-24,759.35,764.64,759.27,762.49,59823076
2023-04-25,758.19,758.47,754.45,755.45,66676652
2023-04-26,750.38,751.18,745.26,749.6,71335595
2023-04-27,747.18,752.65,746.4,752.6,65940278
2023-04-28,754.52,758.94,748.45,758.49,78924258
2023-05-02,758.74,759.91,743.55,744.31,71936866
2023-05-03,748.05,748.5,743.1,744.24,51697167
2023-05-04,744.52,744.82,735.91,741.22,69447074
2023-05-05,745.16,750.95,743.59,750.48,62869349
2023-05-08,751.89,754.83,751.22,752.68,36408320
2023-05-09,751.58,751.93,744.74,748.38,62085567
2023-05-10,748.03,751.15,745.33,748.29,70038612
2023-05-11,750.31,755.75,747.14,751.12,70176192
2023-05-12,753.29,755.87,751.95,752.99,60281600
2023-05-15,756,757.84,753.46,756.18,52655093
2023-05-16,755.32,759.29,754.61,756.22,60009429
2023-05-17,754.89,759.04,753.82,758.28,74306370
2023-05-18,760.08,766.14,759.82,765.28,53936542
2023-05-19,767.92,771.74,767.1,767.1,73767339
2023-05-22,766.81,768.59,765.33,767.61,52833561
2023-05-23,766.54,769,765.51,765.98,57645122
2023-05-24,760.04,760.5,750.22,754.13,66203535
2023-05-25,758.44,759.34,753.58,755.21,63655569
2023-05-26,758.75,770.39,756.74,767.86,60266601
2023-05-29,769.02,769.52,763.66,764.1,26544170
2023-05-30,765.29,765.95,755.38,756.67,62666915
2023-05-31,750.14,756.03,748.45,748.86,161040073
2023-06-01,754.41,758.02,752.55,756.35,48013865
2023-06-02,759.43,765.82,758.14,764.92,71171766
2023-06-05,767.41,768.42,763.2,763.34,52781333
2023-06-06,759.77,762.65,757.08,762.22,60467101
2023-06-07,761.68,763.65,759.41,761.61,61113145
2023-06-08,758.12,761.12,757.32,760.94,58153367
2023-06-09,763.34,763.34,755.93,759.32,48197562
2023-06-12,761.35,764.09,759.88,760.34,53470075
2023-06-13,766.15,768.85,761.91,767.71,59413130
2023-06-14,766.98,773,765.96,771.41,63244410
2023-06-15,770.82,774.38,767.33,772.64,59773828
2023-06-16,774.88,776.29,772.37,772.72,116886288
2023-06-19,770.86,772.45,768.24,768.98,43410791
2023-06-20,765.38,767.4,762.52,763.09,44682447
2023-06-21,761.43,763.35,758.21,759.16,44299713
2023-06-22,752.61,759.17,750.74,759.17,50294559
2023-06-23,756.66,759.19,753.78,756.6,60505674
2023-06-26,757.15,759.75,751.43,757.5,52408199
2023-06-27,761.77,763.11,755.48,760.56,50309833
2023-06-28,762.83,768.68,762.3,767.77,47746527
2023-06-29,767.99,770.25,766.53,768.94,45236141
2023-06-30,767.38,775.96,765.72,773.94,67195820
2023-07-03,777.1,781.11,776.44,776.44,51251873
2023-07-04,777.89,780.81,777.45,778.72,39651100
2023-07-05,773.46,775.45,768.92,769.89,51898218
2023-07-06,764.97,765.1,751.59,753.34,65894160
2023-07-07,752.92,756.67,747.66,753.52,50723219
2023-07-10,749.6,757.6,749.6,755.76,40437508
2023-07-11,757.25,758.97,753.29,755.82,48146139
2023-07-12,759.98,770.61,759.13,768.14,62662788
2023-07-13,768.5,777.12,768.5,774.8,48668892
2023-07-14,775.53,781.49,775.53,778.93,51391273
2023-07-17,773.58,777.74,771.86,773.45,38566227
2023-07-18,770.92,775.67,770.92,774.48,43372417
2023-07-19,777.93,779.19,774.45,775.03,50381765
2023-07-20,769.74,772.67,768.21,769.62,55488830
2023-07-21,768.13,773.84,768.03,773.75,50655720
2023-07-24,771.41,773.79,769.21,771.55,57284846
2023-07-25,777.74,781.13,775.66,779.81,60968401
2023-07-26,777.94,778.12,770.53,775.46,55029209
2023-07-27,779.02,793.07,779.02,792.06,66776522
2023-07-28,788.54,795.2,787.98,794.27,57818423
2023-07-31,792.48,794.41,789.52,792,52552091
2023-08-01,790.17,792.13,784.67,786.14,46279802
2023-08-02,777,782.48,772.97,775.03,63389789
2023-08-03,770.25,771.43,764.09,770.07,67862075
2023-08-04,770.94,773.36,766.4,772.71,58633698
2023-08-07,769.48,772.91,768.02,772.13,46049086
2023-08-08,768.77,772.3,763.11,767,55520397
2023-08-09,772.47,774.97,769.08,770.22,57558074
2023-08-10,772.87,780.66,772.57,777.79,60240534
2023-08-11,773.62,773.94,763.36,765.16,53133891
2023-08-14,764.01,766.83,761.07,766.21,49739037
2023-08-15,768.56,768.56,756.7,759.28,49500498
2023-08-16,756.77,759.46,754.04,756.85,49402729
2023-08-17,755.82,757.99,737.36,737.63,67378878
2023-08-18,735.91,736.65,729.61,735.04,61872612
2023-08-21,735.69,740.49,732.95,733.59,50393681
2023-08-22,738.22,743.84,736.83,738.21,45204030
2023-08-23,739.85,742.99,737.36,740.73,46191291
2023-08-24,748.18,749.21,733.34,733.99,46165386
2023-08-25,732,739.16,731.96,733.37,48837931
2023-08-28,739.34,743.23,737.51,741.76,41285007
2023-08-29,743.74,746.64,741.97,745.89,59096043
2023-08-30,746.04,748.2,742.33,745.43,51294620
2023-08-31,746.65,749.98,743.62,743.62,105511943
2023-09-01,744.54,749.89,743.88,746.05,49687400
2023-09-04,750.48,754.76,746.82,747.43,31267342
2023-09-05,744.25,748.77,740.63,747.11,46470676
2023-09-06,743.5,748.6,741.1,745.43,48347074
2023-09-07,741.9,744.35,737.93,739.71,47941738
2023-09-08,741.98,742.17,732.75,739.09,45959373
2023-09-11,741.42,744.85,738.48,738.89,44535776
2023-09-12,741.34,741.68,734.62,736.69,49712380
2023-09-13,733.66,736.29,731.15,734.93,44939576
2023-09-14,737.26,745.79,734.64,744.46,69222413
2023-09-15,748.45,749.27,741.1,741.51,117889053
2023-09-18,740.68,741.04,734.65,735.85,49675378
2023-09-19,734.59,739.45,732.96,734.93,44980954
2023-09-20,735.5,740.74,734.53,738.32,52357341
2023-09-21,733.12,734.43,728.82,731.72,58998409
2023-09-22,728.73,732.23,726.66,730.09,87723252
2023-09-25,728.39,730.57,721.25,726.64,51660468
2023-09-26,720.8,724.14,718.9,721.43,50166151
2023-09-27,723.81,726.27,719.66,721.74,74954197
2023-09-28,720.65,726.02,715.62,725.99,63017391
2023-09-29,729.81,736.2,728.79,728.79,64309623
2023-10-02,730.65,731.91,721.29,724.18,48987008
2023-10-03,721.57,726.18,719.17,719.67,49624441
2023-10-04,715.56,725.4,715.32,720.86,57141159
2023-10-05,722.81,726.06,720.95,721.75,47806178
2023-10-06,721.6,726.89,718.76,726.7,65093043
2023-10-09,726.86,730.9,724.16,726,48699394
2023-10-10,731.51,739.97,731.38,738.89,62278277
2023-10-11,736.74,741.8,736.68,737.78,51601420
2023-10-12,742.19,744.93,740.17,741.52,49829388
2023-10-13,738.82,743,733.08,733.9,54321368
2023-10-16,736.81,737.56,731.5,735.39,44004497
2023-10-17,733.45,738.43,730.5,736.77,43823306
2023-10-18,732.64,737.78,728.2,729.57,47932663
2023-10-19,728.34,730.85,725.12,727.61,49470380
2023-10-20,721.92,724.56,716.24,716.24,73858857
2023-10-23,716.45,719.75,711.69,719.18,49245801
2023-10-24,718.93,723.53,715.77,721.73,47806360
2023-10-25,721.96,724.26,718.95,722.24,55599796
2023-10-26,715.18,722.16,713.78,719.3,55248122
2023-10-27,719.28,723.43,713.28,714.25,51309855
2023-10-30,717.4,719.71,712.77,714.05,41326420
2023-10-31,713.84,721.5,713.74,718.6,55512657
2023-11-01,720.44,725.29,716.49,722.23,47392318
2023-11-02,728.45,738.36,728.18,736.03,77199419
2023-11-03,739.07,739.55,735.07,736.31,61631158
2023-11-06,738.3,739.17,734.97,735.34,45796194
2023-11-07,733.85,737.22,733.11,735.74,48409646
2023-11-08,730.73,737.29,729.94,734.64,77977302
2023-11-09,732.79,749.83,730.1,749.16,64097763
2023-11-10,745.68,748.26,742.45,746.31,45446240
2023-11-13,750.22,753.82,748.91,753.41,54072431
2023-11-14,754.2,761.01,751.55,758.15,64659921
2023-11-15,759.87,764.35,759.87,762.82,61417217
2023-11-16,758.67,760.82,753.85,753.91,68967516
2023-11-17,752.81,759.3,752.81,758.59,74397929
2023-11-20,757.89,760.06,757.54,759.47,42470176
2023-11-21,758.66,760.17,757.12,758.56,43521409
2023-11-22,759.14,761.12,758.19,760.04,47229668
2023-11-23,760.91,762.44,759.28,762.32,40650197
2023-11-24,761.41,766.34,761.38,765.66,34131665
2023-11-27,764.66,766.74,763.7,764.22,39404298
2023-11-28,761.5,762.14,758.97,761.37,43738175
2023-11-29,759.36,764.31,759.03,761.99,52728291
2023-11-30,764.52,768.03,761.71,765.04,176365065
2023-12-01,767.45,772.34,767.44,771.37,53312682
2023-12-04,770.3,773.24,769.54,770.61,53011435
2023-12-05,768.87,775.25,768.47,774.07,56605908
2023-12-06,776.1,779.03,775.53,776.18,67539462
2023-12-07,774.84,777.17,773.99,776.34,49494722
2023-12-08,777.69,783.6,776.74,781.85,56806409
2023-12-11,782.42,787.07,780.4,786.45,54613801
2023-12-12,785.85,790.52,785.23,786.13,58372511
2023-12-13,787.32,791.07,787.02,787.02,55744934
2023-12-14,793.39,798.09,786.24,789.91,86001394
2023-12-15,793.7,796.12,790.96,793.13,142277680
2023-12-18,790.19,793.11,787.73,789.15,56116979
2023-12-19,789.94,793.37,789.94,792.48,54504592
2023-12-20,793.57,796,790.03,793.69,53217126
2023-12-21,789.38,791.3,787.12,789.88,42971047
2023-12-22,789.15,789.48,782.61,785.45,47584241
2023-12-27,788.51,789.32,785.46,786.84,41062998
2023-12-28,789.39,789.58,786.04,787.04,35434024
2023-12-29,787.79,790.98,785.96,786.82,34607147
2024-01-02,790.69,792.49,780.13,783.11,47875563
2024-01-03,782.49,784.65,776.1,779.75,61163056
2024-01-04,780.51,781.05,776,780.31,58937550
2024-01-05,775.37,779.68,771.57,778.7,45191030
2024-01-08,777.13,780.1,773.5,779.09,51973438
2024-01-09,779.56,779.76,774.54,777.58,53119228
2024-01-10,777.14,778.96,774.24,775.02,55738105
2024-01-11,780.6,783.2,774.54,774.54,52992022
2024-01-12,780.68,785.34,780.37,781.86,51716061
2024-01-15,783.92,784.95,779.21,779.49,47998079
2024-01-16,775.07,779.31,773.28,778.54,50067918
2024-01-17,769.89,771.99,766.66,771.43,59309453
2024-01-18,772.62,778.46,772.62,778.17,56400285
2024-01-19,782.58,783.52,778.34,778.89,53402288
2024-01-22,784.82,787.27,783.81,785.6,51902972
2024-01-23,787.58,789.37,783.1,787.77,47359713
2024-01-24,799.82,807.93,798.43,806.93,57280511
2024-01-25,808.41,815.89,807.77,814.87,58691041
2024-01-26,811.97,818.96,811.97,817.74,58460786
2024-01-29,818.8,820.98,818.02,819.91,54875936
2024-01-30,821.39,823.76,819.11,820.64,58632267
2024-01-31,819.76,822.65,818.19,818.21,85656681
2024-02-01,817.63,824.72,816.83,822.09,159757985
2024-02-02,827.25,827.57,821.69,822.53,82859322
2024-02-05,824.03,825.36,821.58,824.29,63782651
2024-02-06,829.87,831.78,826.6,831.09,83551576
2024-02-07,831.22,832.11,829.33,830.13,72967806
2024-02-08,837.45,845.13,837.27,843.75,57878461
2024-02-09,845.74,851.95,845.01,851.77,52471217
2024-02-12,852.71,855.13,851.1,854.88,40748296
2024-02-13,843.03,851.43,838.22,842.62,57533956
2024-02-14,843.74,845.38,841.87,843.67,57458923
2024-02-15,848.73,850.46,844.27,847.59,66205003
2024-02-16,855.66,858.11,854.17,858.11,63394786
2024-02-19,853.63,857.68,853.31,855.85,42027952
2024-02-20,853.09,854.57,846.58,848.28,59555797
2024-02-21,849.34,849.34,843.5,846.79,53520296
2024-02-22,857.35,861.63,854.72,857.51,57543594
2024-02-23,859.04,859.61,854.13,854.97,49430024
2024-02-26,853.02,854.34,851.16,852.87,45203286
2024-02-27,851.97,854.04,849.88,852.98,43697388
2024-02-28,849.14,850.31,845.58,847.46,52188589
2024-02-29,847.45,849.78,844.09,848.44,118687440
2024-03-01,852.6,854.23,848.37,854.1,62860066
2024-03-04,857.15,859.24,854.97,856.55,52716015
2024-03-05,854.05,855.03,849.81,851.16,49499946
2024-03-06,851.75,857.85,851.75,857.02,54213734
2024-03-07,855.88,868.98,853.74,868.74,57970996
2024-03-08,870.97,872,861.96,861.96,49847953
2024-03-11,855.45,857.5,849.89,852.32,55743841
2024-03-12,856.42,861.66,854.04,860.97,67101877
2024-03-13,862.92,864.6,859.64,860.33,60300978
2024-03-14,863.63,863.82,856.13,858.75,57129927
2024-03-15,858.57,860.44,851.78,851.78,196283162
2024-03-18,854.83,856.75,852.79,853.76,51870551
2024-03-19,857.13,860.69,855.68,860.69,50709098
2024-03-20,860.96,864.82,859.06,860.54,47244754
2024-03-21,872.12,876.22,869.81,875.42,57605937
2024-03-22,873.68,877.09,870.59,876.34
